Header	Coordinates
>X00429/Unknown/Unknown/Unknown/Unknown	[835, 1140]
>OK422491/IND/water-buffalo/2013/O	[991, 1224]
>OK422490/IND/water-buffalo/Unknown/O	[991, 1224]
>AH012985/KOR/Unknown/Unknown/O	[835, 1140]
>AH012984/KOR/Unknown/Unknown/O	[835, 1140]
>MZ493234/PAK/cattle/2018/A	[835, 1140]
>MZ493233/PAK/cattle/2018/A	[835, 1140]
>MZ493232/PAK/cattle/2017/A	[835, 1140]
>MH167966/UGA/cow/2015/O	[835, 1140]
>MH167965/UGA/cow/2016/O	[835, 1140]
>MH167964/UGA/cow/2015/O	[835, 1140]
>MH167963/UGA/cow/2015/O	[835, 1140]
>MH167962/UGA/cow/2015/O	[835, 1140]
>AY304994/Unknown/Unknown/Unknown/Asia-1	[835, 1140]
>EF611987/UGA/Unknown/2006/Unknown	[835, 1140]
>OK422489/IND/water-buffalo/2013/O	[991, 1224]
>MZ090097/EGY/cattle/2018/SAT2	[841, 1146]
>MT018551/ISR/cattle/2018/Unknown	[835, 1140]
>MT018550/ISR/cattle/2018/Unknown	[835, 1140]
>MT018549/ISR/cattle/2018/Unknown	[835, 1140]
>MT018548/ISR/pig/2018/Unknown	[835, 1140]
>MH426546/Unknown/cow/Unknown/A	[835, 1140]
>MH426545/Unknown/cow/Unknown/A	[835, 1140]
>DQ533483/CHN/Unknown/1958/FMDV-Asia-1	[835, 1140]
>ON652985/VNM/cow/2015/Unknown	[991, 1224]
>ON652984/VNM/cow/2015/Unknown	[835, 1140]
>ON652983/VNM/cow/2015/Unknown	[835, 1140]
>ON652982/VNM/cow/2015/Unknown	[835, 1140]
>ON652981/VNM/cow/2015/Unknown	[835, 1140]
>ON652980/VNM/cow/2015/Unknown	[835, 1140]
>ON652979/VNM/cow/2015/Unknown	[835, 1140]
>ON652978/VNM/cow/2015/Unknown	[835, 1140]
>ON652977/VNM/cow/2015/Unknown	[835, 1140]
>ON652976/VNM/cow/2015/Unknown	[835, 1140]
>ON652975/VNM/cow/2015/Unknown	[835, 1140]
>ON652974/VNM/cow/2015/Unknown	[835, 1140]
>ON652973/VNM/water-buffalo/2015/Unknown	[835, 1140]
>ON652972/VNM/cow/2015/Unknown	[835, 1140]
>ON652971/VNM/cow/2015/Unknown	[835, 1140]
>ON652970/VNM/cow/2015/Unknown	[835, 1140]
>ON652969/VNM/cow/2015/Unknown	[835, 1140]
>ON652968/VNM/cow/2015/Unknown	[835, 1140]
>ON652967/VNM/cow/2013/Unknown	[835, 1140]
>ON652966/VNM/cow/2015/Unknown	[835, 1140]
>ON652965/VNM/cow/2015/Unknown	[835, 1140]
>MN366244/BGD/cattle/2018/Unknown	[835, 1140]
>MK341545/ARG/Unknown/Unknown/Unknown	[835, 1140]
>MK341544/ARG/Unknown/Unknown/Unknown	[835, 1140]
>MF063056/Unknown/Unknown/Unknown/Asia1	[835, 1140]
>MF063055/Unknown/Unknown/Unknown/Asia1	[835, 1140]
>MF063053/Unknown/Unknown/Unknown/Asia1	[835, 1140]
>JF749864/Unknown/Unknown/Unknown/Unknown	[841, 1146]
>JF749862/Unknown/Unknown/Unknown/Unknown	[841, 1146]
>JF749861/Unknown/Unknown/Unknown/Unknown	[841, 1146]
>JF749860/Unknown/Unknown/Unknown/Unknown	[841, 1146]
>JF749852/Unknown/Unknown/Unknown/Unknown	[835, 1140]
>JF749851/Unknown/Unknown/Unknown/Unknown	[835, 1140]
>JF749849/Unknown/Unknown/Unknown/Unknown	[835, 1140]
>JF749848/Unknown/Unknown/Unknown/Unknown	[835, 1140]
>JF749843/Unknown/Unknown/Unknown/Unknown	[832, 1137]
>JF749841/Unknown/Unknown/Unknown/Unknown	[829, 1134]
>GU384683/PAK/buffalo/2008/O	[835, 1140]
>GU384682/PAK/cattle/2008/O	[835, 1140]
>KC440884/EGY/Unknown/2012/SAT-2	[841, 1146]
>KC440883/EGY/Unknown/2011/O	[835, 1140]
>KC440882/EGY/Unknown/2012/A	[829, 1134]
>KC440881/EGY/Unknown/2011/A	[841, 1146]
>HM229661/HKG/pig/2010/O	[832, 1137]
>JQ973889/CHN/cow/2010/type-O	[838, 1143]
>JQ900581/CHN/pig/Unknown/Unknown	[832, 1137]
>FJ175666/ISR/cattle/2007/O	[835, 1140]
>FJ175665/ISR/cattle/2007/O	[835, 1140]
>FJ175664/ISR/cattle/2007/O	[835, 1140]
>FJ175663/ISR/cattle/2007/O	[835, 1140]
>FJ175662/ISR/cattle/2007/O	[835, 1140]
>FJ175661/ISR/goat/2007/O	[835, 1140]
>FJ461346/UGA/buffalo/2002/Unknown	[841, 1146]
>FJ461345/UGA/Unknown/2002/Unknown	[835, 1140]
>FJ461344/UGA/cow/2002/Unknown	[835, 1140]
>EF117837/PAK/cattle/2006/A	[829, 1137]
>PP273559/IND/elephant/1988/A	[835, 1140]
>OQ356346/KEN/cow/2006/A	[832, 1137]
>OQ427394/ARG/cow/1993/O	[835, 1140]
>OQ356340/BRA/cow/2001/A	[835, 1140]
>OQ356349/KEN/cow/2010/A	[835, 1140]
>OQ356348/IRQ/cow/2017/A	[829, 1134]
>OQ356347/EGY/cow/2008/A	[829, 1125]
>OQ356345/ARG/cow/2006/A	[832, 1137]
>OQ356344/URY/cow/2006/A	[835, 1140]
>OQ356343/ARG/cow/2003/A	[835, 1140]
>OQ356342/ARG/cow/2001/A	[835, 1140]
>OQ356341/BRA/cow/1970/A	[835, 1140]
>OQ256242/ISR/cow/1969/A	[835, 1140]
>OQ238686/DEU/cow/1971/A	[835, 1140]
>OQ238685/ARG/cow/1990/A	[835, 1140]
>OQ211408/Unknown/gazelle/2007/O	[835, 1140]
>OQ211407/Unknown/sheep/2007/O	[835, 1140]
>OQ211406/Unknown/sheep/2007/O	[835, 1140]
>OQ211405/Unknown/cattle/2007/O	[835, 1140]
>OQ211404/Unknown/cattle/2007/O	[835, 1140]
>OQ211403/Unknown/cattle/2007/O	[835, 1140]
>OQ211402/Unknown/cattle/2007/O	[835, 1140]
>OQ211401/Unknown/cattle/2007/O	[835, 1140]
>OQ211400/Unknown/cattle/2007/O	[835, 1140]
>OQ211399/Unknown/gazelle/2007/O	[835, 1140]
>OQ211398/Unknown/gazelle/2007/O	[835, 1140]
>OQ211397/Unknown/sheep/2007/O	[835, 1140]
>OQ211396/Unknown/cattle/2007/O	[835, 1140]
>OQ211395/Unknown/sheep/2007/O	[835, 1140]
>OQ211394/Unknown/cattle/2007/O	[835, 1140]
>OQ211393/Unknown/goat/2007/O	[835, 1140]
>OQ211392/Unknown/cattle/2007/O	[835, 1140]
>OQ211391/Unknown/cattle/2007/O	[835, 1140]
>OQ211390/Unknown/cattle/2007/O	[835, 1140]
>OQ211389/Unknown/goat/2006/O	[835, 1140]
>OQ211388/Unknown/sheep/2007/O	[835, 1140]
>OQ211387/Unknown/cattle/2007/O	[835, 1140]
>OQ211386/Unknown/cattle/2007/O	[835, 1140]
>OQ211385/Unknown/cattle/2007/O	[835, 1140]
>OQ211384/Unknown/cattle/2007/O	[835, 1140]
>OQ211383/Unknown/gazelle/2007/O	[835, 1140]
>OQ211382/Unknown/gazelle/2007/O	[835, 1140]
>OQ211381/Unknown/gazelle/2007/O	[835, 1140]
>OQ211380/Unknown/cattle/2007/O	[835, 1140]
>OQ211379/Unknown/cattle/2007/O	[835, 1140]
>OQ211378/Unknown/cattle/2007/O	[835, 1140]
>OQ211377/Unknown/cattle/2007/O	[835, 1140]
>OQ211376/Unknown/cattle/2007/O	[835, 1140]
>OQ211375/Unknown/sheep/2007/O	[835, 1140]
>OQ211374/Unknown/cattle/2007/O	[835, 1140]
>OQ211373/Unknown/goat/2007/O	[835, 1140]
>OQ211372/Unknown/goat/2007/O	[835, 1140]
>OQ211371/Unknown/goat/2007/O	[835, 1140]
>OQ211370/Unknown/cattle/2007/O	[835, 1140]
>OQ211369/Unknown/cattle/2007/O	[835, 1140]
>OQ211368/Unknown/sheep/2007/O	[835, 1140]
>OQ211367/Unknown/sheep/2007/O	[835, 1140]
>OQ211366/Unknown/sheep/2007/O	[835, 1140]
>OQ211365/Unknown/sheep/2007/O	[835, 1140]
>OQ211364/Unknown/sheep/2007/O	[835, 1140]
>OQ211363/Unknown/sheep/2007/O	[835, 1140]
>OQ211362/Unknown/sheep/2007/O	[835, 1140]
>OQ211361/Unknown/sheep/2007/O	[835, 1140]
>OQ211360/Unknown/cattle/2007/O	[835, 1140]
>OQ211359/Unknown/cattle/2007/O	[835, 1140]
>OQ211358/Unknown/cattle/2007/O	[835, 1140]
>OQ211357/Unknown/cattle/2007/O	[835, 1140]
>OQ211356/Unknown/cattle/2007/O	[835, 1140]
>OQ211355/Unknown/cattle/2007/O	[835, 1140]
>OQ211354/Unknown/cattle/2007/O	[835, 1140]
>OQ211353/Unknown/sheep/2007/O	[835, 1140]
>OQ211352/Unknown/cattle/2007/O	[835, 1140]
>OQ211351/Unknown/goat/2007/O	[835, 1140]
>OQ211350/Unknown/cattle/2007/O	[835, 1140]
>OQ211349/Unknown/sheep/2007/O	[835, 1140]
>OQ557397/ETH/cow/2022/SAT2	[841, 1146]
>OQ557396/ETH/cattle/1991/SAT2	[841, 1146]
>OQ457195/NER/cattle/2020/Unknown	[841, 1146]
>OQ457194/NER/cattle/2020/Unknown	[841, 1146]
>OQ457193/NER/cattle/2020/Unknown	[841, 1146]
>OQ457192/NER/cattle/2020/Unknown	[841, 1146]
>OQ457191/NER/cattle/2020/Unknown	[841, 1146]
>OQ457190/NER/cattle/2020/Unknown	[841, 1146]
>OQ457189/NER/cattle/2020/Unknown	[841, 1146]
>OQ457188/NER/cattle/2020/Unknown	[841, 1146]
>OQ457186/NER/cattle/2020/Unknown	[841, 1146]
>OQ457185/NER/cattle/2020/Unknown	[841, 1146]
>OQ457184/NER/cattle/2020/Unknown	[841, 1146]
>OQ745961/THA/cattle/2016/A	[835, 1140]
>OQ401874/NER/cattle/2020/SAT2	[841, 1146]
>OQ401873/NER/cattle/2020/SAT2	[841, 1146]
>OQ401872/NER/cattle/2020/SAT2	[841, 1146]
>OQ401871/NER/cattle/2020/SAT2	[841, 1146]
>OQ401870/NER/cattle/2020/SAT2	[991, 1224]
>OQ401869/NER/cattle/2020/SAT2	[841, 1146]
>OQ401868/NER/cattle/2020/SAT2	[841, 1146]
>OQ401867/NER/cattle/2020/SAT2	[841, 1146]
>OQ401866/NER/cattle/2020/SAT2	[841, 1146]
>OQ401865/NER/cattle/2020/SAT2	[841, 1146]
>LC771233/IRQ/water-buffalo/2023/A	[841, 1146]
>LC770123/IRQ/cattle/2023/SAT1	[841, 1146]
>OP957418/BGD/cattle/2021/O	[835, 1140]
>ON868623/VNM/pig/2017/O	[835, 1140]
>ON868622/VNM/pig/2017/O	[835, 1140]
>ON868621/VNM/cow/2017/A	[835, 1140]
>ON868620/VNM/pig/2019/O	[835, 1140]
>ON868619/VNM/pig/2019/O	[835, 1140]
>ON868618/VNM/pig/2019/O	[835, 1140]
>ON868617/VNM/pig/2019/O	[835, 1140]
>ON868616/VNM/pig/2018/O	[835, 1140]
>ON868615/VNM/pig/2018/O	[835, 1140]
>ON868614/VNM/pig/2019/O	[835, 1140]
>ON868613/VNM/pig/2019/O	[835, 1140]
>ON868612/VNM/pig/2019/O	[835, 1140]
>ON868611/VNM/pig/2018/O	[835, 1140]
>ON868610/VNM/pig/2019/O	[835, 1140]
>ON868609/VNM/pig/2019/O	[835, 1140]
>ON868608/VNM/pig/2019/O	[835, 1140]
>ON868607/VNM/pig/2019/O	[835, 1140]
>ON868606/VNM/pig/2019/O	[835, 1140]
>ON868605/VNM/pig/2019/O	[835, 1140]
>ON868604/VNM/pig/2018/O	[835, 1140]
>ON868603/VNM/pig/2018/O	[835, 1140]
>ON868602/VNM/pig/2019/O	[835, 1140]
>ON868601/VNM/pig/2018/O	[835, 1140]
>ON868600/VNM/pig/2018/O	[835, 1140]
>ON868599/VNM/pig/2019/O	[835, 1140]
>ON868598/VNM/pig/2018/O	[835, 1140]
>ON868597/VNM/pig/2019/O	[835, 1140]
>ON868596/VNM/pig/2018/O	[835, 1140]
>ON868595/VNM/pig/2018/O	[835, 1140]
>ON868594/VNM/pig/2019/O	[835, 1140]
>ON868593/VNM/pig/2018/O	[835, 1140]
>ON868592/VNM/pig/2018/O	[835, 1140]
>ON868591/VNM/pig/2019/O	[835, 1140]
>ON868590/VNM/pig/2019/O	[835, 1140]
>ON868589/VNM/pig/2019/O	[835, 1140]
>ON868588/VNM/water-buffalo/2018/O	[835, 1140]
>ON868587/VNM/cow/2017/O	[835, 1140]
>ON868586/VNM/cow/2017/O	[835, 1140]
>ON868585/VNM/Unknown/2018/O	[835, 1140]
>ON868584/VNM/cow/2017/O	[835, 1140]
>ON868583/VNM/Unknown/2018/O	[835, 1140]
>ON868582/VNM/cow/2018/O	[835, 1140]
>ON868581/VNM/cow/2018/O	[835, 1140]
>ON868580/VNM/cow/2017/O	[835, 1140]
>ON868579/VNM/cow/2017/O	[835, 1140]
>ON868578/VNM/cow/2019/O	[835, 1140]
>ON868577/VNM/Unknown/2018/O	[835, 1140]
>ON868576/VNM/Unknown/2018/O	[835, 1140]
>ON868575/VNM/Unknown/2018/O	[835, 1140]
>ON868574/VNM/cow/2018/O	[835, 1140]
>ON868573/VNM/Unknown/2019/O	[835, 1140]
>ON868572/VNM/cow/2019/O	[835, 1140]
>ON868571/VNM/cow/2018/O	[835, 1140]
>ON868570/VNM/Unknown/2019/O	[835, 1140]
>ON868569/VNM/water-buffalo/2018/O	[835, 1140]
>ON868568/VNM/cow/2018/O	[835, 1140]
>ON868567/VNM/water-buffalo/2018/O	[835, 1140]
>ON868566/VNM/cow/2018/O	[835, 1140]
>ON868565/VNM/cow/2019/O	[835, 1140]
>ON868564/VNM/cow/2018/O	[835, 1140]
>ON868563/VNM/water-buffalo/2018/O	[835, 1140]
>ON868562/VNM/cow/2019/O	[835, 1140]
>ON868561/VNM/cow/2019/O	[835, 1140]
>ON868560/VNM/cow/2018/O	[835, 1140]
>ON868559/VNM/Unknown/2018/O	[835, 1140]
>ON868558/VNM/cow/2019/O	[835, 1140]
>ON868557/VNM/water-buffalo/2018/O	[835, 1140]
>ON868556/VNM/cow/2019/O	[835, 1140]
>ON868555/VNM/cow/2018/O	[835, 1140]
>ON868554/VNM/pig/2018/O	[835, 1140]
>ON868553/VNM/cow/2019/O	[835, 1140]
>ON868552/VNM/pig/2019/O	[835, 1140]
>ON868551/VNM/cow/2018/O	[835, 1140]
>ON868550/VNM/Unknown/2018/O	[835, 1140]
>ON868549/VNM/cow/2018/O	[835, 1140]
>ON868548/VNM/cow/2018/O	[835, 1140]
>ON868547/VNM/cow/2018/O	[835, 1140]
>ON868546/VNM/Unknown/2018/O	[835, 1140]
>ON868545/VNM/cow/2018/O	[835, 1140]
>ON868544/VNM/Unknown/2018/O	[835, 1140]
>ON868543/VNM/Unknown/2018/O	[835, 1140]
>ON868542/VNM/pig/2018/O	[835, 1140]
>ON868541/VNM/Unknown/2018/O	[835, 1140]
>ON868540/VNM/water-buffalo/2018/O	[835, 1140]
>ON868539/VNM/cow/2018/O	[835, 1140]
>ON868538/VNM/cow/2018/O	[835, 1140]
>ON868537/VNM/Unknown/2018/O	[835, 1140]
>ON868536/VNM/cow/2018/O	[835, 1140]
>ON868535/VNM/Unknown/2018/O	[835, 1140]
>ON868534/VNM/Unknown/2018/O	[835, 1140]
>ON868533/VNM/Unknown/2018/O	[835, 1140]
>ON868532/VNM/Unknown/2018/O	[835, 1140]
>ON868531/VNM/Unknown/2018/O	[835, 1140]
>ON868530/VNM/Unknown/2018/O	[835, 1140]
>ON868529/VNM/cow/2018/O	[835, 1140]
>ON868528/VNM/pig/2018/O	[835, 1140]
>ON868527/VNM/cow/2018/O	[835, 1140]
>ON868526/VNM/cow/2018/O	[835, 1140]
>ON868525/VNM/water-buffalo/2018/O	[835, 1140]
>ON868524/VNM/cow/2018/O	[835, 1140]
>ON868523/VNM/cow/2017/O	[835, 1140]
>ON868522/VNM/cow/2017/O	[835, 1140]
>ON868521/VNM/pig/2018/O	[835, 1140]
>ON868520/VNM/cow/2017/O	[835, 1140]
>ON868519/VNM/cow/2017/O	[835, 1140]
>ON557390/ZMB/cow/2015/SAT3	[841, 1146]
>OP751924/IDN/cattle/2022/Unknown	[835, 1140]
>ON784047/UGA/cow/2015/O	[781, 990]
>ON784046/UGA/cow/2015/O	[766, 1068]
>ON784045/UGA/cow/2015/O	[805, 1119]
>ON736860/UGA/cow/2015/O	[811, 1116]
>OM863584/SDN/cattle/2013/SAT2	[991, 1224]
>OM863583/KEN/cattle/2013/SAT1	[841, 1146]
>OM863582/KEN/cattle/2010/SAT1	[841, 1146]
>OM863581/KEN/cattle/2012/A	[835, 1140]
>OM863580/EGY/cattle/2012/A	[841, 1146]
>LC729872/THA/pig/2016/O	[835, 1140]
>LC729871/THA/cow/2016/O	[835, 1140]
>LC729870/THA/cow/2016/O	[835, 1140]
>OP585403/IDN/cattle/2022/O	[835, 1140]
>OM160625/DZA/sheep/2015/Unknown	[835, 1140]
>OM160624/DZA/cattle/2014/Unknown	[835, 1140]
>OM160623/DZA/cattle/2014/Unknown	[835, 1140]
>OM160622/DZA/cattle/2014/Unknown	[835, 1140]
>OM160621/DZA/cattle/2014/Unknown	[835, 1140]
>OM160620/TUN/cattle/2014/Unknown	[835, 1140]
>OM160619/TUN/cattle/2014/Unknown	[835, 1140]
>OM160618/TUN/cattle/2014/Unknown	[835, 1140]
>OM160617/TUN/cattle/2014/Unknown	[835, 1140]
>OM160616/TUN/cattle/2014/Unknown	[835, 1140]
>OM160615/TUN/cattle/2014/Unknown	[835, 1140]
>OM160614/TUN/cattle/2014/Unknown	[835, 1140]
>OM160613/TUN/cattle/2014/Unknown	[835, 1140]
>OM160612/TUN/cattle/2014/Unknown	[835, 1140]
>OM160611/TUN/cattle/2014/Unknown	[835, 1140]
>OM160610/TUN/cattle/2014/Unknown	[835, 1140]
>OK318551/VNM/cattle/2016/Unknown	[835, 1140]
>OK318550/VNM/cattle/2017/Unknown	[835, 1140]
>OK318549/VNM/cattle/2017/Unknown	[835, 1140]
>OK318548/VNM/buffalo/2017/Unknown	[835, 1140]
>OK318547/VNM/cattle/2017/Unknown	[835, 1140]
>OK318546/VNM/buffalo/2017/Unknown	[835, 1140]
>OK318545/VNM/cattle/2018/Unknown	[835, 1140]
>OK318544/VNM/cattle/2018/Unknown	[835, 1140]
>OK318543/VNM/pig/2019/Unknown	[835, 1140]
>OK318542/VNM/pig/2019/Unknown	[835, 1140]
>OK318541/VNM/pig/2019/Unknown	[835, 1140]
>OK318540/VNM/pig/2019/Unknown	[835, 1140]
>OK318539/VNM/pig/2019/Unknown	[835, 1140]
>OK318538/VNM/pig/2019/Unknown	[835, 1140]
>OK318537/VNM/pig/2019/Unknown	[835, 1140]
>OK318536/VNM/cattle/2018/Unknown	[835, 1140]
>OK318535/VNM/pig/2019/Unknown	[835, 1140]
>OK318534/VNM/pig/2019/Unknown	[835, 1140]
>OK318533/VNM/pig/2019/Unknown	[835, 1140]
>OK318532/VNM/pig/2018/Unknown	[835, 1140]
>OK318531/VNM/pig/2018/Unknown	[835, 1140]
>OK318530/VNM/pig/2018/Unknown	[835, 1140]
>OK318529/VNM/pig/2018/Unknown	[835, 1140]
>OK318528/VNM/pig/2018/Unknown	[835, 1140]
>OK318527/VNM/pig/2018/Unknown	[835, 1140]
>OK318526/VNM/buffalo/2018/Unknown	[835, 1140]
>OK318525/VNM/pig/2018/Unknown	[835, 1140]
>OK318524/VNM/pig/2018/Unknown	[835, 1140]
>OK318523/VNM/pig/2018/Unknown	[835, 1140]
>OK318522/VNM/pig/2018/Unknown	[835, 1140]
>OK318521/VNM/pig/2018/Unknown	[835, 1140]
>OK318520/VNM/pig/2018/Unknown	[835, 1140]
>OK318519/VNM/cattle/2018/Unknown	[835, 1140]
>OK318518/VNM/goat/2018/Unknown	[835, 1140]
>OK318517/VNM/cattle/2018/Unknown	[835, 1140]
>OK318516/VNM/cattle/2018/Unknown	[835, 1140]
>OK318515/VNM/pig/2018/Unknown	[835, 1140]
>OK318514/VNM/cattle/2018/Unknown	[835, 1140]
>OK318513/VNM/pig/2018/Unknown	[835, 1140]
>OK318512/VNM/pig/2018/Unknown	[835, 1140]
>OK318511/VNM/pig/2018/Unknown	[835, 1140]
>OK318510/VNM/cattle/2019/Unknown	[835, 1140]
>OK318509/VNM/cattle/2019/Unknown	[835, 1140]
>OK318508/VNM/cattle/2019/Unknown	[835, 1140]
>OK318507/VNM/cattle/2019/Unknown	[835, 1140]
>OK318506/VNM/cattle/2019/Unknown	[835, 1140]
>OK318505/VNM/cattle/2019/Unknown	[835, 1140]
>OK318504/VNM/cattle/2019/Unknown	[835, 1140]
>OK318503/VNM/cattle/2019/Unknown	[835, 1140]
>OK318502/VNM/cattle/2019/Unknown	[835, 1140]
>OK318501/VNM/cattle/2019/Unknown	[835, 1140]
>OK318500/VNM/cattle/2017/Unknown	[835, 1140]
>OK318499/VNM/cattle/2016/Unknown	[835, 1140]
>OK205907/VNM/cattle/2014/Unknown	[835, 1140]
>OK205906/VNM/cattle/2013/Unknown	[835, 1140]
>OK205905/VNM/cattle/2014/Unknown	[835, 1140]
>OK205904/VNM/cattle/2014/Unknown	[835, 1140]
>OK205903/VNM/pig/2014/Unknown	[835, 1140]
>OK205902/VNM/cattle/2014/Unknown	[835, 1140]
>OK205901/VNM/buffalo/2014/Unknown	[835, 1140]
>OK205900/VNM/cattle/2015/Unknown	[835, 1140]
>OK205899/VNM/cattle/2015/Unknown	[835, 1140]
>OK205898/VNM/cattle/2013/Unknown	[835, 1140]
>OK205897/VNM/pig/2015/Unknown	[835, 1140]
>OK205896/VNM/cattle/2014/Unknown	[835, 1140]
>OK205895/VNM/cattle/2014/Unknown	[835, 1140]
>OK205894/VNM/buffalo/2014/Unknown	[835, 1140]
>OK205893/VNM/cattle/2013/Unknown	[835, 1140]
>OM456150/PAK/buffalo/2010/Unknown	[835, 1140]
>OM456149/PAK/cattle/2012/Unknown	[835, 1140]
>OM456148/PAK/buffalo/2012/Unknown	[835, 1140]
>OM456147/PAK/cattle/2011/Unknown	[835, 1140]
>OM456146/PAK/cattle/2010/Unknown	[835, 1140]
>OM456145/PAK/buffalo/2010/Unknown	[835, 1140]
>OM456144/PAK/cattle/2010/Unknown	[835, 1140]
>OM456143/PAK/buffalo/2012/Unknown	[835, 1140]
>OM456142/PAK/buffalo/2011/Unknown	[835, 1140]
>OM456141/PAK/buffalo/2011/Unknown	[835, 1140]
>OM456140/PAK/buffalo/2011/Unknown	[835, 1140]
>OM456139/PAK/buffalo/2011/Unknown	[835, 1140]
>OM456138/PAK/buffalo/2009/Unknown	[835, 1140]
>OM456137/PAK/cattle/2012/Unknown	[835, 1140]
>OM456136/PAK/buffalo/2012/Unknown	[835, 1140]
>OM456135/PAK/cattle/2012/Unknown	[835, 1140]
>OM456134/PAK/cattle/2012/Unknown	[835, 1140]
>OM456133/PAK/cattle/2012/Unknown	[835, 1140]
>OM456132/PAK/buffalo/2012/Unknown	[835, 1140]
>OM456131/PAK/buffalo/2012/Unknown	[835, 1140]
>OM456130/PAK/buffalo/2012/Unknown	[835, 1140]
>OM456129/PAK/buffalo/2012/Unknown	[835, 1140]
>OM456128/PAK/buffalo/2012/Unknown	[835, 1140]
>OM455484/PAK/buffalo/2012/Unknown	[844, 1149]
>OM455483/PAK/cattle/2012/Unknown	[844, 1149]
>OM455482/PAK/cattle/2009/Unknown	[835, 1140]
>OM455481/PAK/buffalo/2012/Unknown	[835, 1140]
>OM455480/PAK/cattle/2008/Unknown	[835, 1140]
>OM455479/PAK/cattle/2012/Unknown	[844, 1149]
>OM455478/PAK/buffalo/2012/Unknown	[844, 1149]
>OM455477/PAK/buffalo/2012/Unknown	[844, 1149]
>OM455476/PAK/buffalo/2012/Unknown	[835, 1140]
>OM455475/PAK/buffalo/2012/Unknown	[844, 1149]
>OM455474/PAK/buffalo/2012/Unknown	[844, 1149]
>OM455473/PAK/buffalo/2012/Unknown	[844, 1149]
>OM455472/PAK/buffalo/2012/Unknown	[844, 1149]
>OM455471/PAK/buffalo/2012/Unknown	[844, 1149]
>OM455470/PAK/buffalo/2012/Unknown	[844, 1149]
>OM455469/PAK/buffalo/2012/Unknown	[844, 1149]
>OM455468/PAK/buffalo/2012/Unknown	[844, 1149]
>OM455467/PAK/buffalo/2012/Unknown	[844, 1149]
>OM455466/PAK/buffalo/2012/Unknown	[835, 1140]
>OM455465/PAK/buffalo/2012/Unknown	[835, 1140]
>OM471680/PAK/buffalo/2012/Unknown	[835, 1140]
>OM471679/PAK/cattle/2012/Unknown	[835, 1140]
>OM471678/PAK/cattle/2012/Unknown	[835, 1140]
>OM471677/PAK/buffalo/2012/Unknown	[835, 1140]
>OM471676/PAK/cattle/2011/Unknown	[835, 1140]
>OM471675/PAK/cattle/2011/Unknown	[835, 1140]
>OM471674/PAK/cattle/2011/Unknown	[835, 1140]
>OM471673/PAK/cattle/2012/Unknown	[835, 1140]
>OM471672/PAK/cattle/2012/Unknown	[835, 1140]
>OM471671/PAK/cattle/2012/Unknown	[835, 1140]
>OM471670/PAK/buffalo/2012/Unknown	[835, 1140]
>OM471669/PAK/cattle/2012/Unknown	[835, 1140]
>OM471668/PAK/cattle/2012/Unknown	[835, 1140]
>OM471667/PAK/buffalo/2011/Unknown	[835, 1140]
>OM471666/PAK/buffalo/2011/Unknown	[835, 1140]
>OM471665/PAK/buffalo/2011/Unknown	[835, 1140]
>OM471664/PAK/buffalo/2011/Unknown	[835, 1140]
>OM471663/PAK/cattle/2012/Unknown	[835, 1140]
>OM471662/PAK/cattle/2012/Unknown	[835, 1140]
>OM471661/PAK/cattle/2012/Unknown	[835, 1140]
>OM471660/PAK/buffalo/2012/Unknown	[835, 1140]
>OM471659/PAK/cattle/2012/Unknown	[835, 1140]
>OM471658/PAK/buffalo/2012/Unknown	[835, 1140]
>OM471657/PAK/buffalo/2012/Unknown	[835, 1140]
>OM471656/PAK/buffalo/2012/Unknown	[835, 1140]
>OM471655/PAK/buffalo/2012/Unknown	[835, 1140]
>OM471654/PAK/buffalo/2012/Unknown	[835, 1140]
>OM471653/PAK/buffalo/2012/Unknown	[835, 1140]
>OM471652/PAK/buffalo/2012/Unknown	[835, 1140]
>OM471651/PAK/buffalo/2012/Unknown	[835, 1140]
>OM471650/PAK/buffalo/2012/Unknown	[835, 1140]
>OM471649/PAK/buffalo/2012/Unknown	[835, 1140]
>OM471648/PAK/buffalo/2012/Unknown	[835, 1140]
>OM471647/PAK/buffalo/2012/Unknown	[835, 1140]
>OM471646/PAK/buffalo/2012/Unknown	[835, 1140]
>OM471645/PAK/buffalo/2012/Unknown	[835, 1140]
>OM471644/PAK/buffalo/2012/Unknown	[835, 1140]
>OM471643/PAK/buffalo/2012/Unknown	[835, 1140]
>OM471642/PAK/buffalo/2012/Unknown	[835, 1140]
>OM471641/PAK/buffalo/2012/Unknown	[835, 1140]
>OM471640/PAK/buffalo/2012/Unknown	[835, 1140]
>OM471639/PAK/buffalo/2012/Unknown	[835, 1140]
>OM471638/PAK/buffalo/2012/Unknown	[835, 1140]
>OM471637/PAK/buffalo/2012/Unknown	[835, 1140]
>OM471636/PAK/buffalo/2012/Unknown	[835, 1140]
>OM471635/PAK/buffalo/2012/Unknown	[835, 1140]
>OM471634/PAK/buffalo/2012/Unknown	[835, 1140]
>OM471633/PAK/buffalo/2012/Unknown	[835, 1140]
>OM471632/PAK/buffalo/2012/Unknown	[835, 1140]
>OM471631/PAK/buffalo/2012/Unknown	[835, 1140]
>OM471630/PAK/buffalo/2012/Unknown	[835, 1140]
>OM471629/PAK/buffalo/2012/Unknown	[835, 1140]
>OM471628/PAK/buffalo/2012/Unknown	[835, 1140]
>OM471627/PAK/buffalo/2012/Unknown	[835, 1140]
>OM471626/PAK/buffalo/2012/Unknown	[835, 1140]
>OM471625/PAK/buffalo/2012/Unknown	[835, 1140]
>OM471624/PAK/buffalo/2012/Unknown	[835, 1140]
>OM471623/PAK/buffalo/2012/Unknown	[835, 1140]
>OM471622/PAK/buffalo/2012/Unknown	[835, 1140]
>OM471621/PAK/buffalo/2012/Unknown	[835, 1140]
>OM471620/PAK/buffalo/2012/Unknown	[835, 1140]
>OM471619/PAK/buffalo/2012/Unknown	[835, 1140]
>OM471618/PAK/buffalo/2012/Unknown	[835, 1140]
>OM471617/PAK/buffalo/2012/Unknown	[835, 1140]
>OM471616/PAK/buffalo/2012/Unknown	[835, 1140]
>OM471615/PAK/buffalo/2012/Unknown	[835, 1140]
>OM471614/PAK/buffalo/2012/Unknown	[835, 1140]
>OM471613/PAK/buffalo/2012/Unknown	[835, 1140]
>OM471612/PAK/buffalo/2012/Unknown	[835, 1140]
>OM471611/PAK/buffalo/2012/Unknown	[835, 1140]
>OM471610/PAK/buffalo/2011/Unknown	[835, 1140]
>OM022649/NER/cattle/2017/O	[841, 1146]
>OM022648/NER/cattle/2017/O	[841, 1146]
>OM022647/NER/cattle/2017/O	[841, 1146]
>OM022646/NER/cattle/2017/O	[841, 1146]
>OM022645/NER/cattle/2017/O	[841, 1146]
>OM022644/NER/cattle/2017/O	[841, 1146]
>OM022643/NER/cattle/2017/O	[841, 1146]
>OM022642/NER/cattle/2018/O	[841, 1146]
>OK019689/IRN/cow/2016/O	[835, 1140]
>MG334583/IRQ/cow/2009/A	[829, 1134]
>MT495500/Unknown/cow/Unknown/O	[835, 1140]
>MT495499/Unknown/cow/Unknown/O	[835, 1140]
>MT495498/Unknown/cow/Unknown/O	[835, 1140]
>MT495497/Unknown/cow/Unknown/O	[835, 1140]
>MT495496/Unknown/cow/Unknown/O	[835, 1140]
>MT495495/Unknown/cow/Unknown/O	[835, 1140]
>MT495494/Unknown/cow/Unknown/O	[835, 1140]
>MT495493/Unknown/cow/Unknown/O	[835, 1140]
>MT495492/Unknown/cow/Unknown/O	[835, 1140]
>MT495491/Unknown/cow/Unknown/O	[835, 1140]
>MT495490/Unknown/cow/Unknown/O	[835, 1140]
>MT495489/Unknown/cow/Unknown/O	[835, 1140]
>MT495488/Unknown/cow/Unknown/O	[835, 1140]
>MT495487/Unknown/cow/Unknown/O	[835, 1140]
>MT495486/Unknown/cow/Unknown/O	[835, 1140]
>MT495485/Unknown/cow/Unknown/O	[835, 1140]
>MT495484/Unknown/cow/Unknown/O	[835, 1140]
>MT495483/Unknown/cow/Unknown/O	[835, 1140]
>MT495482/Unknown/cow/Unknown/O	[835, 1140]
>MT495481/Unknown/cow/Unknown/O	[835, 1140]
>MT495480/Unknown/cow/Unknown/O	[835, 1140]
>MT495479/Unknown/cow/Unknown/O	[835, 1140]
>MT495478/Unknown/cow/Unknown/O	[835, 1140]
>MT495477/Unknown/cow/Unknown/O	[835, 1140]
>MT495476/Unknown/cow/Unknown/A	[835, 1140]
>MT495475/Unknown/cow/Unknown/A	[835, 1140]
>MT495474/Unknown/cow/Unknown/A	[835, 1140]
>MT495473/Unknown/cow/Unknown/A	[835, 1140]
>MT495472/Unknown/cow/Unknown/A	[835, 1140]
>MT495471/Unknown/cow/Unknown/A	[835, 1140]
>MT495470/Unknown/cow/Unknown/A	[835, 1140]
>MT495469/Unknown/cow/Unknown/A	[835, 1140]
>MT495468/Unknown/cow/Unknown/A	[835, 1140]
>MT495467/Unknown/cow/Unknown/A	[835, 1140]
>MT495466/Unknown/cow/Unknown/A	[835, 1140]
>MT495465/Unknown/cow/Unknown/A	[835, 1140]
>MT495464/Unknown/cow/Unknown/A	[835, 1140]
>MT495463/Unknown/cow/Unknown/A	[835, 1140]
>MT495462/Unknown/cow/Unknown/A	[835, 1140]
>MT431618/Unknown/cow/Unknown/O	[835, 1140]
>MT431617/Unknown/cow/Unknown/O	[835, 1140]
>MT431616/Unknown/cow/Unknown/O	[835, 1140]
>MT431615/Unknown/cow/Unknown/O	[835, 1140]
>MT431614/Unknown/cow/Unknown/O	[835, 1140]
>MT431613/Unknown/cow/Unknown/O	[835, 1140]
>MT431612/Unknown/cow/Unknown/O	[835, 1140]
>MT431611/Unknown/cow/Unknown/O	[835, 1140]
>MT431610/Unknown/cow/Unknown/O	[835, 1140]
>MT431609/Unknown/cow/Unknown/O	[835, 1140]
>MT431608/Unknown/cow/Unknown/O	[835, 1140]
>MT431607/Unknown/cow/Unknown/O	[835, 1140]
>MT431606/Unknown/cow/Unknown/O	[835, 1140]
>MT431605/Unknown/cow/Unknown/O	[835, 1140]
>MT431604/Unknown/cow/Unknown/O	[835, 1140]
>MT431603/Unknown/cow/Unknown/O	[835, 1140]
>MT431602/Unknown/cow/Unknown/O	[835, 1140]
>MT431601/Unknown/cow/Unknown/O	[835, 1140]
>MT431600/Unknown/cow/Unknown/O	[835, 1140]
>MT431599/Unknown/cow/Unknown/O	[835, 1140]
>MT431598/Unknown/cow/Unknown/O	[835, 1140]
>MT431597/Unknown/cow/Unknown/O	[835, 1140]
>MT431596/Unknown/cow/Unknown/O	[835, 1140]
>MT431595/Unknown/cow/Unknown/O	[835, 1140]
>MT431594/Unknown/cow/Unknown/O	[835, 1140]
>MT431593/Unknown/cow/Unknown/O	[835, 1140]
>MT431592/Unknown/cow/Unknown/O	[835, 1140]
>MT431591/Unknown/cow/Unknown/O	[835, 1140]
>MW355680/ZWE/african-buffalo/1991/SAT3	[841, 1146]
>MW355679/ZWE/african-buffalo/1990/SAT3	[841, 1146]
>MW355678/ZMB/african-buffalo/1996/SAT3	[841, 1146]
>MW355677/ZAF/cattle/1979/SAT3	[841, 1146]
>MW355676/ZWE/cattle/1976/SAT3	[841, 1146]
>MW355675/ZWE/cattle/1975/SAT3	[841, 1146]
>MW355674/BWA/cattle/1967/SAT3	[841, 1146]
>MW355673/ZWE/cattle/1989/SAT2	[841, 1146]
>MW355672/ZMB/african-buffalo/1974/SAT2	[841, 1146]
>MW355671/MOZ/Unknown/1970/SAT2	[841, 1146]
>MW355670/BWA/african-buffalo/1972/SAT2	[841, 1146]
>MW355669/ZMB/cattle/1988/SAT1	[841, 1146]
>MW355668/TZA/cattle/1980/SAT1	[841, 1146]
>MT412377/Unknown/cow/Unknown/A	[835, 1140]
>MT412376/Unknown/cow/Unknown/A	[835, 1140]
>MT412375/Unknown/cow/Unknown/A	[835, 1140]
>MT412374/Unknown/cow/Unknown/A	[835, 1140]
>MT412373/Unknown/cow/Unknown/A	[835, 1140]
>MT412372/Unknown/cow/Unknown/A	[835, 1140]
>MT412371/Unknown/cow/Unknown/A	[835, 1140]
>MT412370/Unknown/cow/Unknown/A	[835, 1140]
>MT412369/Unknown/cow/Unknown/A	[835, 1140]
>MT412368/Unknown/cow/Unknown/A	[835, 1140]
>MT412367/Unknown/cow/Unknown/A	[835, 1140]
>MT412366/Unknown/cow/Unknown/A	[835, 1140]
>MT412365/Unknown/cow/Unknown/A	[835, 1140]
>MT412364/Unknown/cow/Unknown/A	[835, 1140]
>MT412363/Unknown/cow/Unknown/A	[835, 1140]
>MT412362/Unknown/cow/Unknown/A	[835, 1140]
>MT412361/Unknown/cow/Unknown/A	[835, 1140]
>MT412360/Unknown/cow/Unknown/A	[835, 1140]
>MT412359/Unknown/cow/Unknown/A	[835, 1140]
>MT412358/Unknown/cow/Unknown/A	[835, 1140]
>MT412357/Unknown/cow/Unknown/A	[835, 1140]
>MT412356/Unknown/cow/Unknown/A	[835, 1140]
>MT412355/Unknown/cow/Unknown/A	[835, 1140]
>MT412354/Unknown/cow/Unknown/A	[835, 1140]
>MT412353/Unknown/cow/Unknown/A	[835, 1140]
>MT412352/Unknown/cow/Unknown/A	[835, 1140]
>MT412351/Unknown/cow/Unknown/A	[835, 1140]
>MT412350/Unknown/cow/Unknown/A	[835, 1140]
>MT412349/Unknown/cow/Unknown/A	[835, 1140]
>MT412348/Unknown/cow/Unknown/A	[835, 1140]
>MT412347/Unknown/cow/Unknown/A	[835, 1140]
>MT412346/Unknown/cow/Unknown/A	[835, 1140]
>MT412345/Unknown/cow/Unknown/A	[835, 1140]
>MT412344/Unknown/cow/Unknown/A	[835, 1140]
>MT412343/Unknown/cow/Unknown/A	[835, 1140]
>MT412342/Unknown/cow/Unknown/A	[835, 1140]
>MT412341/Unknown/cow/Unknown/A	[835, 1140]
>LC564923/THA/cow/2016/A	[835, 1140]
>LC564922/THA/cow/2016/A	[835, 1140]
>LC564921/THA/cow/2016/A	[835, 1140]
>LC564920/THA/cow/2015/A	[835, 1140]
>LC564919/THA/cow/2015/A	[835, 1140]
>LC564918/THA/cow/2015/A	[835, 1140]
>LC564917/THA/cow/2015/A	[835, 1140]
>LC564916/THA/cow/2014/A	[835, 1140]
>LC564915/THA/cow/2014/A	[835, 1140]
>LC564914/THA/cow/2014/A	[835, 1140]
>LC564913/THA/cow/2013/A	[835, 1140]
>LC564912/THA/cow/2013/A	[835, 1140]
>LC564911/THA/cow/2013/A	[835, 1140]
>LC564910/THA/cow/2012/A	[835, 1140]
>LC564909/THA/cow/2012/A	[835, 1140]
>LC564908/THA/cow/2012/A	[835, 1140]
>LC564907/THA/cow/2011/A	[835, 1140]
>LC564906/THA/cow/2011/A	[835, 1140]
>LC564905/THA/cow/2011/A	[835, 1140]
>LC564904/THA/cow/2010/A	[835, 1140]
>LC564903/THA/cow/2010/A	[835, 1140]
>LC564902/THA/cow/2010/A	[835, 1140]
>LC564901/THA/cow/2009/A	[835, 1140]
>LC564900/THA/cow/2009/A	[835, 1140]
>LC564899/THA/cow/2008/A	[835, 1140]
>LC564898/THA/cow/2008/A	[835, 1140]
>LC564897/THA/cow/2008/A	[835, 1140]
>LC564896/THA/cow/2007/A	[835, 1140]
>LC564895/THA/cow/2007/A	[835, 1140]
>LC564894/THA/cow/2007/A	[835, 1140]
>MW715629/NER/cow/2017/Unknown	[841, 1146]
>MW715628/NER/cow/2017/Unknown	[841, 1146]
>MW715627/NER/cow/2017/Unknown	[841, 1146]
>MW715626/NER/cow/2017/Unknown	[841, 1146]
>MW715625/NER/cow/2017/Unknown	[991, 1224]
>MW715624/NER/cow/2017/Unknown	[841, 1146]
>MW715623/NER/cow/2017/Unknown	[841, 1146]
>MW715622/NER/cow/2018/Unknown	[841, 1146]
>KY444649/THA/pig/2016/O	[835, 1140]
>KY444648/THA/pig/2016/O	[835, 1140]
>KY444647/THA/pig/2016/O	[835, 1140]
>KY444646/THA/pig/2016/O	[835, 1140]
>KY444645/THA/pig/2016/O	[835, 1140]
>KY444644/THA/pig/2013/O	[835, 1140]
>MT944983/IRN/goat/2016/O	[835, 1140]
>MT944982/IRN/goat/2016/O	[835, 1140]
>MT944981/IRN/dog/2016/O	[835, 1140]
>MT944980/IRN/dog/2016/O	[835, 1140]
>LC595604/Unknown/Unknown/Unknown/O	[835, 1140]
>MN442540/ZAF/african-buffalo/1991/Unknown	[841, 1146]
>MN442539/ZAF/african-buffalo/1991/Unknown	[841, 1146]
>MN442538/ZAF/african-buffalo/1991/Unknown	[841, 1146]
>MT602092/KEN/cattle/2017/SAT2	[841, 1146]
>MT602091/ETH/cattle/2018/SAT2	[841, 1146]
>MT602090/ETH/cattle/2015/SAT2	[841, 1146]
>MT602089/EGY/cattle/2018/SAT2	[841, 1146]
>MT602088/TZA/cattle/2014/SAT1	[841, 1146]
>MT602087/TZA/cattle/2013/SAT1	[841, 1146]
>MT602086/TZA/cattle/2012/SAT1	[841, 1146]
>MT602085/KEN/cattle/2013/SAT1	[841, 1146]
>MT602084/KEN/cattle/2018/O	[835, 1140]
>MT602083/ETH/cattle/2019/O	[841, 1146]
>MT602082/ETH/cattle/2016/O	[832, 1137]
>MT602081/ETH/cattle/2015/O	[835, 1140]
>MT602080/UGA/cattle/2019/A	[835, 1140]
>MT602079/SDN/cattle/2018/A	[841, 1146]
>MT602078/ETH/cattle/2019/A	[841, 1146]
>MT602077/ETH/cattle/2018/A	[835, 1140]
>MT863268/EGY/water-buffalo/2016/A	[841, 1146]
>MN227144/IND/cattle/2011/A	[835, 1140]
>KY322680/VNM/cattle/2013/A	[835, 1140]
>KY322679/THA/cattle/2014/A	[835, 1140]
>KY322678/MYS/cattle/2013/A	[835, 1140]
>KY322677/MYS/cattle/2013/A	[835, 1140]
>KY322676/MYS/cattle/2013/A	[835, 1140]
>KY322675/LAO/cattle/2014/A	[835, 1140]
>KY322674/KOR/pig/2014/O	[835, 1140]
>KY322673/MYS/cattle/2014/O	[835, 1140]
>KY322672/MYS/cattle/2014/O	[835, 1140]
>KY322671/MYS/cattle/2014/O	[835, 1140]
>KY322670/LAO/cattle/2013/O	[835, 1140]
>MH791293/UGA/cattle/2017/O	[835, 1140]
>MN983158/IND/cattle/2009/Unknown	[835, 1140]
>MN983157/IND/cattle/2009/Unknown	[835, 1140]
>MN983156/IND/cattle/2008/Unknown	[835, 1140]
>MN983155/IND/cattle/2008/Unknown	[835, 1140]
>MN983154/IND/cattle/2005/Unknown	[835, 1140]
>MN983153/IND/cattle/2001/Unknown	[835, 1140]
>MN983152/IND/cattle/1997/Unknown	[835, 1140]
>MN953620/PAK/cattle/2019/O	[835, 1140]
>MN953619/PAK/cattle/2019/O	[835, 1140]
>MN389541/CHN/pig/2010/O	[832, 1137]
>MK940253/SAU/cattle/2017/A	[835, 1140]
>MN062587/PAK/cattle/2009/A	[829, 1134]
>MN062586/AFG/cattle/2009/A	[829, 1134]
>MN062585/TUR/cattle/2010/O	[835, 1140]
>MN062584/PAK/cattle/2009/O	[835, 1140]
>MN062583/PAK/cattle/2009/O	[835, 1140]
>MN062582/PAK/buffalo/2009/O	[835, 1140]
>MN062581/PAK/cattle/2008/O	[835, 1140]
>MN062580/IRN/cattle/2010/O	[835, 1140]
>MN062579/IRN/cattle/2010/O	[835, 1140]
>MN062578/AFG/Unknown/Unknown/O	[991, 1224]
>LC483874/THA/cow/2007/A	[835, 1140]
>MK088170/BGD/cattle/2016/O	[835, 1140]
>MN250318/VNM/pig/2019/O/CATHAY	[835, 1140]
>MN250317/VNM/pig/2018/O/CATHAY	[835, 1140]
>MN250316/VNM/pig/2018/O/CATHAY	[835, 1140]
>MN250315/VNM/pig/2018/O/CATHAY	[835, 1140]
>MN250314/VNM/pig/2017/O/CATHAY	[835, 1140]
>MN275121/CMR/cow/2016/Unknown	[841, 1146]
>MN275120/CMR/cow/2016/Unknown	[841, 1146]
>MN275119/CMR/cow/2016/Unknown	[841, 1146]
>MN275118/CMR/cow/2016/Unknown	[841, 1146]
>MN116688/KEN/cow/2016/Unknown	[835, 1140]
>MN103523/NER/cow/2014/SAT2	[841, 1146]
>MN116694/KEN/cow/2016/Unknown	[838, 1143]
>MN116693/KEN/cow/2014/Unknown	[835, 1140]
>MN116692/KEN/cow/2014/Unknown	[841, 1146]
>MN116691/KEN/cow/2016/Unknown	[841, 1146]
>MN116690/KEN/cow/2014/Unknown	[841, 1146]
>MN116689/KEN/cow/2014/Unknown	[841, 1146]
>MN095371/IND/cattle/2014/Unknown	[835, 1140]
>MN095370/IND/cattle/2014/Unknown	[835, 1140]
>MN095369/IND/cattle/2014/Unknown	[835, 1140]
>MN095368/IND/cattle/2014/Unknown	[835, 1140]
>MN095367/IND/cattle/2014/Unknown	[835, 1140]
>MN095366/IND/cattle/2014/Unknown	[835, 1140]
>MN095365/IND/cattle/2014/Unknown	[835, 1140]
>MN095364/IND/cattle/2014/Unknown	[835, 1140]
>MN095363/IND/cattle/2013/Unknown	[835, 1140]
>MN095362/IND/cattle/2013/Unknown	[835, 1140]
>MN095361/IND/cattle/2013/Unknown	[835, 1140]
>MN095360/IND/cattle/2013/Unknown	[835, 1140]
>MN095359/IND/cattle/2013/Unknown	[835, 1140]
>MN095358/IND/cattle/2013/Unknown	[835, 1140]
>MN095357/IND/cattle/2013/Unknown	[835, 1140]
>MN095356/IND/cattle/2013/Unknown	[835, 1140]
>MN095355/IND/cattle/2013/Unknown	[835, 1140]
>MN095354/IND/cattle/2013/Unknown	[835, 1140]
>NC_039210/GBR/Unknown/Unknown/O	[835, 1140]
>LC456873/GHA/cow/2018/O	[841, 1146]
>LC456872/GHA/cow/2018/O	[841, 1146]
>LC456871/GHA/cow/2018/O	[841, 1146]
>LC456870/GHA/cow/2018/O	[841, 1146]
>MK088171/BGD/cattle/2016/A	[835, 1140]
>MK071699/BGD/cattle/2013/O	[835, 1140]
>LC438823/MMR/cow/2016/O	[835, 1140]
>LC438822/MMR/cow/2016/O	[835, 1140]
>MH845413/VNM/pig/2014/O	[835, 1140]
>MF947143/VNM/cattle/2013/Unknown	[835, 1140]
>MF947142/VNM/cattle/2013/Unknown	[835, 1140]
>MF947141/VNM/pig/2012/Unknown	[835, 1140]
>MF947140/VNM/cattle/2010/Unknown	[835, 1140]
>MF947137/VNM/buffalo/2012/Unknown	[835, 1140]
>MF947132/VNM/buffalo/2015/Unknown	[835, 1140]
>MF947131/VNM/pig/2013/Unknown	[835, 1140]
>MF947130/VNM/cattle/2014/Unknown	[835, 1140]
>MF947129/VNM/pig/2014/Unknown	[835, 1140]
>MF947128/VNM/cattle/2010/Unknown	[835, 1140]
>MF947127/VNM/buffalo/2012/Unknown	[835, 1140]
>MF947126/VNM/pig/2011/Unknown	[835, 1140]
>MF947124/VNM/cattle/2012/Unknown	[835, 1140]
>MF947123/VNM/buffalo/2011/Unknown	[835, 1140]
>MH891503/VNM/cow/2017/Unknown	[835, 1140]
>MH784405/PAK/cattle/2017/O	[835, 1140]
>MH784404/PAK/water-buffalo/2017/O	[835, 1140]
>MH784403/PAK/cattle/2016/O	[835, 1140]
>MG983741/VNM/cattle/2016/O	[835, 1140]
>MG983740/VNM/cattle/2015/O	[835, 1140]
>MG983739/ARE/cattle/2016/O	[835, 1140]
>MG983738/ARE/cattle/2016/O	[835, 1140]
>MG983737/ARE/gazelle/2014/O	[835, 1140]
>MG983736/ARE/gazelle/2014/O	[835, 1140]
>MG983735/TUN/unknown/2014/O	[835, 1140]
>MG983734/LKA/water-buffalo/2014/O	[835, 1140]
>MG983733/LKA/cattle/2014/O	[835, 1140]
>MG983732/LKA/cattle/2014/O	[835, 1140]
>MG983731/LKA/cattle/2013/O	[835, 1140]
>MG983730/KOR/cattle/2017/O	[835, 1140]
>MG983729/SAU/cattle/2016/O	[835, 1140]
>MG983728/SAU/cattle/2016/O	[835, 1140]
>MG983727/SAU/cattle/2015/O	[835, 1140]
>MG983726/SAU/cattle/2014/O	[835, 1140]
>MG983725/SAU/cattle/2014/O	[835, 1140]
>MG983724/SAU/cattle/2013/O	[835, 1140]
>MG983723/SAU/cattle/2013/O	[835, 1140]
>MG983722/SAU/cattle/2013/O	[835, 1140]
>MG983721/SAU/cattle/2013/O	[835, 1140]
>MG983720/RUS/cattle/2016/O	[835, 1140]
>MG983719/NPL/cattle/2015/O	[835, 1140]
>MG983718/NPL/cattle/2015/O	[835, 1140]
>MG983717/NPL/cattle/2015/O	[835, 1140]
>MG983716/NPL/cattle/2014/O	[835, 1140]
>MG983715/NPL/cattle/2014/O	[835, 1140]
>MG983714/NPL/pig/2013/O	[835, 1140]
>MG983713/NPL/cattle/2013/O	[835, 1140]
>MG983712/NPL/cattle/2013/O	[835, 1140]
>MG983711/NPL/cattle/2013/O	[835, 1140]
>MG983710/NPL/water-buffalo/2012/O	[835, 1140]
>MG983709/NPL/cattle/2012/O	[835, 1140]
>MG983708/NPL/cattle/2012/O	[835, 1140]
>MG983707/NPL/water-buffalo/2012/O	[835, 1140]
>MG983706/NPL/cattle/2010/O	[835, 1140]
>MG983705/NPL/cattle/2010/O	[835, 1140]
>MG983704/NPL/cattle/2008/O	[835, 1140]
>MG983703/MMR/cattle/2016/O	[835, 1140]
>MG983702/MUS/cattle/2016/O	[835, 1140]
>MG983701/MUS/cattle/2016/O	[835, 1140]
>MG983700/MUS/cattle/2016/O	[835, 1140]
>MG983699/MUS/cattle/2016/O	[835, 1140]
>MG983698/MUS/cattle/2016/O	[835, 1140]
>MG983697/LBY/cattle/2013/O	[835, 1140]
>MG983696/LBY/cattle/2013/O	[835, 1140]
>MG983695/LBY/cattle/2013/O	[835, 1140]
>MG983694/LBY/cattle/2013/O	[835, 1140]
>MG983693/LAO/unknown/2015/O	[835, 1140]
>MG983692/IRN/cattle/2009/O	[835, 1140]
>MG983691/BTN/cattle/2016/O	[835, 1140]
>MG983690/BTN/cattle/2016/O	[835, 1140]
>MG983689/BTN/cattle/2012/O	[835, 1140]
>MG983688/BTN/cattle/2009/O	[835, 1140]
>MG983687/BTN/cattle/2009/O	[835, 1140]
>MG983686/BHR/cattle/2015/O	[835, 1140]
>MG983685/BHR/cattle/2015/O	[835, 1140]
>MG983684/BGD/cattle/2009/O	[835, 1140]
>MG983683/DZA/unknown/2014/O	[835, 1140]
>MG923580/DZA/cattle/2017/A	[841, 1146]
>MG923579/DZA/cattle/2017/A	[841, 1146]
>MG923578/DZA/cattle/2017/A	[841, 1146]
>MG913340/DZA/cattle/2017/A	[841, 1146]
>MG372732/Unknown/Unknown/Unknown/C	[835, 1140]
>MG372731/Unknown/Unknown/Unknown/Asia-1	[832, 1137]
>MG372730/KOR/Unknown/2000/O	[835, 1140]
>MG372729/Unknown/Unknown/Unknown/C	[835, 1140]
>MG372728/Unknown/Unknown/Unknown/O	[835, 1140]
>MG372727/ZAF/Unknown/Unknown/SAT-3	[841, 1146]
>MF372126/IND/gayal/1994/Asia1	[835, 1140]
>MF372125/IND/gayal/2016/Asia1	[835, 1140]
>MF461724/CHN/cattle/2017/Unknown	[835, 1140]
>KY234502/CHN/pig/2015/O	[835, 1140]
>KY234501/CHN/cow/2011/O	[835, 1140]
>MH053352/ZWE/african-buffalo/1990/SAT3	[841, 1146]
>MH053351/ZWE/cattle/1984/SAT3	[841, 1146]
>MH053350/ZWE/african-buffalo/1983/SAT3	[841, 1146]
>MH053349/ZWE/african-buffalo/1983/SAT3	[841, 1146]
>MH053348/ZWE/cattle/1977/SAT3	[841, 1146]
>MH053347/ZWE/cattle/1976/SAT3	[841, 1146]
>MH053346/ZWE/cattle/1976/SAT3	[841, 1146]
>MH053345/ZWE/cattle/1975/SAT3	[841, 1146]
>MH053344/ZWE/cattle/1974/SAT3	[841, 1146]
>MH053343/ZWE/cattle/1934/SAT3	[841, 1146]
>MH053342/ZMB/african-buffalo/1996/SAT3	[841, 1146]
>MH053341/UGA/african-buffalo/1970/SAT3	[841, 1146]
>MH053340/MWI/cattle/1976/SAT3	[841, 1146]
>MH053339/BWA/african-buffalo/1970/SAT3	[841, 1146]
>MH053338/BWA/cattle/1966/SAT3	[841, 1146]
>MH053337/UGA/african-buffalo/1970/SAT2	[841, 1146]
>MH053336/UGA/african-buffalo/1970/SAT2	[841, 1146]
>MH053335/ZWE/cattle/1965/SAT2	[841, 1146]
>MH053334/ZMB/cattle/1964/SAT2	[841, 1146]
>MH053333/ETH/cattle/1989/SAT2	[841, 1146]
>MH053332/BWA/african-buffalo/1974/SAT2	[841, 1146]
>MH053331/BWA/african-buffalo/1972/SAT2	[841, 1146]
>MH053330/BWA/african-buffalo/1969/SAT2	[841, 1146]
>MH053329/BWA/african-buffalo/1969/SAT2	[841, 1146]
>MH053328/BWA/african-buffalo/1968/SAT2	[841, 1146]
>MH053327/UGA/african-buffalo/1970/SAT1	[841, 1146]
>MH053326/UGA/african-buffalo/1970/SAT1	[841, 1146]
>MH053325/UGA/cattle/1978/SAT1	[841, 1146]
>MH053324/UGA/cattle/1971/SAT1	[841, 1146]
>MH053323/TCD/cattle/1972/SAT1	[841, 1146]
>MH053322/NAM/african-buffalo/1989/SAT1	[841, 1146]
>MH053321/MOZ/cattle/1981/SAT1	[841, 1146]
>MH053320/KEN/cattle/1983/SAT1	[841, 1146]
>MH053319/BWA/african-buffalo/1974/SAT1	[841, 1146]
>MH053318/UGA/unknown/2002/O	[835, 1140]
>MH053317/UGA/unknown/1998/O	[832, 1137]
>MH053316/UGA/cattle/1996/O	[835, 1140]
>MH053315/SDN/unknown/1976/O	[844, 1149]
>MH053314/ETH/cattle/2007/O	[835, 1140]
>MH053313/ETH/cattle/2006/O	[835, 1140]
>MH053312/ETH/cattle/2005/O	[832, 1137]
>MH053311/ETH/cattle/2004/O	[835, 1140]
>MH053310/UGA/cattle/1970/C	[835, 1140]
>MH053309/KEN/cattle/1967/C	[835, 1140]
>MH053308/ETH/unknown/1971/C	[835, 1140]
>MH053307/ZMB/cattle/1990/A	[835, 1140]
>MH053306/TCD/cattle/1973/A	[832, 1137]
>MH053305/EGY/cattle/1972/A	[835, 1140]
>MG725876/NER/cow/2015/A	[841, 1146]
>MG725875/NER/cow/2015/A	[841, 1146]
>MG725874/NER/cow/2015/A	[841, 1146]
>MG725873/NER/cow/2015/A	[841, 1146]
>MG725872/NER/cow/2013/A	[841, 1146]
>LC320038/MNG/cow/2015/O	[835, 1140]
>MF782478/BGD/cattle/2013/Asia-1	[835, 1140]
>MF678826/NER/cow/2015/SAT1	[841, 1146]
>MF678825/NER/cow/2015/SAT1	[841, 1146]
>MF678824/NER/cow/2015/SAT1	[841, 1146]
>MF678823/NER/cow/2015/SAT1	[841, 1146]
>KY404935/ARG/Unknown/Unknown/A	[835, 1140]
>KY404934/ARG/Unknown/Unknown/A	[835, 1140]
>MF143578/VNM/cattle/2013/Unknown	[835, 1140]
>MF143577/VNM/cattle/2013/Unknown	[835, 1140]
>MF143576/VNM/cattle/2013/Unknown	[835, 1140]
>MF143575/VNM/cattle/2012/Unknown	[835, 1140]
>MF143574/VNM/cattle/2012/Unknown	[835, 1140]
>MF143573/VNM/cattle/2012/Unknown	[835, 1140]
>MF143572/VNM/cattle/2012/Unknown	[835, 1140]
>KX534089/KOR/pig/2016/O	[835, 1140]
>KY825724/ZWE/Unknown/1991/SAT2	[841, 1146]
>KY825723/MNG/Unknown/2010/O	[835, 1140]
>KY825722/CHE/Unknown/1965/C	[835, 1140]
>KY825721/HKG/Unknown/2005/Asia1	[835, 1140]
>KY825720/EGY/Unknown/2014/SAT2	[841, 1146]
>KY825719/TUR/Unknown/1969/O	[835, 1140]
>KY825718/ISR/Unknown/1989/Asia1	[835, 1140]
>KY825717/IRQ/Unknown/1964/A	[835, 1140]
>KY072818/CHN/cattle/1959/O	[835, 1140]
>LC149720/JPN/pig/2010/O	[835, 1140]
>LC149719/JPN/cow/2010/O	[835, 1140]
>LC149718/JPN/cow/2010/O	[835, 1140]
>LC149717/JPN/cow/2010/O	[835, 1140]
>LC149716/JPN/cow/2010/O	[835, 1140]
>LC149715/JPN/cow/2010/O	[835, 1140]
>LC149714/JPN/cow/2010/O	[835, 1140]
>LC149713/JPN/cow/2010/O	[835, 1140]
>LC149712/JPN/cow/2010/O	[835, 1140]
>LC149711/JPN/cow/2010/O	[835, 1140]
>LC149710/JPN/cow/2010/O	[835, 1140]
>LC149709/JPN/cow/2010/O	[835, 1140]
>LC149708/JPN/cow/2010/O	[835, 1140]
>LC149707/JPN/cow/2010/O	[835, 1140]
>LC149706/JPN/cow/2010/O	[835, 1140]
>LC149705/JPN/cow/2010/O	[835, 1140]
>LC149704/JPN/cow/2010/O	[835, 1140]
>LC149703/JPN/cow/2010/O	[835, 1140]
>LC149702/JPN/pig/2010/O	[835, 1140]
>LC149701/JPN/pig/2010/O	[835, 1140]
>LC149700/JPN/cow/2010/O	[835, 1140]
>LC149699/JPN/cow/2010/O	[835, 1140]
>LC149698/JPN/cow/2010/O	[835, 1140]
>LC149697/JPN/pig/2010/O	[835, 1140]
>LC149696/JPN/cow/2010/O	[835, 1140]
>LC149695/JPN/cow/2010/O	[835, 1140]
>LC149694/JPN/cow/2010/O	[835, 1140]
>LC149693/JPN/cow/2010/O	[835, 1140]
>LC149692/JPN/pig/2010/O	[835, 1140]
>LC149691/JPN/pig/2010/O	[835, 1140]
>LC149690/JPN/pig/2010/O	[835, 1140]
>LC149689/JPN/cow/2010/O	[835, 1140]
>LC149688/JPN/pig/2010/O	[835, 1140]
>LC149687/JPN/cow/2010/O	[835, 1140]
>LC149686/JPN/cow/2010/O	[835, 1140]
>LC149685/JPN/cow/2010/O	[835, 1140]
>LC149684/JPN/pig/2010/O	[835, 1140]
>LC149683/JPN/cow/2010/O	[835, 1140]
>LC149682/JPN/cow/2010/O	[835, 1140]
>LC149681/JPN/cow/2010/O	[835, 1140]
>LC149680/JPN/cow/2010/O	[835, 1140]
>LC149679/JPN/pig/2010/O	[835, 1140]
>LC149678/JPN/cow/2010/O	[835, 1140]
>LC149677/JPN/cow/2010/O	[835, 1140]
>LC149676/JPN/pig/2010/O	[835, 1140]
>LC149675/JPN/cow/2010/O	[835, 1140]
>LC149674/JPN/cow/2010/O	[835, 1140]
>LC149673/JPN/cow/2010/O	[835, 1140]
>LC149672/JPN/cow/2010/O	[835, 1140]
>LC149671/JPN/cow/2010/O	[835, 1140]
>LC149670/JPN/cow/2010/O	[835, 1140]
>LC149669/JPN/cow/2010/O	[835, 1140]
>LC149668/JPN/cow/2010/O	[835, 1140]
>LC149667/JPN/cow/2010/O	[835, 1140]
>LC149666/JPN/cow/2010/O	[835, 1140]
>LC149665/JPN/cow/2010/O	[835, 1140]
>LC149664/JPN/cow/2010/O	[835, 1140]
>LC149663/JPN/cow/2010/O	[835, 1140]
>LC149662/JPN/cow/2010/O	[835, 1140]
>LC149661/JPN/cow/2010/O	[835, 1140]
>LC149660/JPN/cow/2010/O	[835, 1140]
>LC149659/JPN/cow/2010/O	[835, 1140]
>LC149658/JPN/pig/2010/O	[835, 1140]
>LC149657/JPN/pig/2010/O	[835, 1140]
>LC149656/JPN/cow/2010/O	[835, 1140]
>LC149655/JPN/cow/2010/O	[835, 1140]
>LC149654/JPN/cow/2010/O	[835, 1140]
>LC149653/JPN/pig/2010/O	[835, 1140]
>LC149652/JPN/pig/2010/O	[835, 1140]
>LC149651/JPN/cow/2010/O	[835, 1140]
>LC149650/JPN/cow/2010/O	[835, 1140]
>LC149649/JPN/pig/2010/O	[835, 1140]
>LC149648/JPN/cow/2010/O	[835, 1140]
>LC149647/JPN/cow/2010/O	[835, 1140]
>LC149646/JPN/pig/2010/O	[835, 1140]
>LC149645/JPN/cow/2010/O	[835, 1140]
>LC149644/JPN/cow/2010/O	[835, 1140]
>LC149643/JPN/pig/2010/O	[835, 1140]
>LC149642/JPN/cow/2010/O	[835, 1140]
>LC149641/JPN/pig/2010/O	[835, 1140]
>LC149640/JPN/cow/2010/O	[835, 1140]
>LC149639/JPN/pig/2010/O	[835, 1140]
>LC149638/JPN/cow/2010/O	[835, 1140]
>LC149637/JPN/pig/2010/O	[835, 1140]
>LC149636/JPN/cow/2010/O	[835, 1140]
>LC149635/JPN/pig/2010/O	[835, 1140]
>LC149634/JPN/pig/2010/O	[835, 1140]
>LC149633/JPN/pig/2010/O	[835, 1140]
>LC149632/JPN/pig/2010/O	[835, 1140]
>LC149631/JPN/cow/2010/O	[835, 1140]
>LC149630/JPN/pig/2010/O	[835, 1140]
>LC149629/JPN/cow/2010/O	[835, 1140]
>LC149628/JPN/pig/2010/O	[835, 1140]
>LC149627/JPN/pig/2010/O	[835, 1140]
>LC149626/JPN/cow/2010/O	[835, 1140]
>LC149625/JPN/cow/2010/O	[835, 1140]
>LC149624/JPN/pig/2010/O	[835, 1140]
>LC149623/JPN/cow/2010/O	[835, 1140]
>LC149622/JPN/cow/2010/O	[835, 1140]
>LC149621/JPN/wild-water-buffalo/2010/O	[835, 1140]
>LC149620/JPN/cow/2010/O	[835, 1140]
>LC149619/JPN/cow/2010/O	[835, 1140]
>LC149618/JPN/cow/2010/O	[835, 1140]
>LC149617/JPN/cow/2010/O	[835, 1140]
>KY446903/PAK/water-buffalo/2005/O	[835, 1140]
>KY446902/PAK/water-buffalo/2005/A	[835, 1140]
>KY446901/PAK/water-buffalo/2006/Asia-1	[835, 1140]
>KY657269/VNM/pig/2015/O	[835, 1140]
>KY086466/KOR/pig/2016/O	[835, 1140]
>KY086465/KOR/pig/2016/O	[835, 1140]
>KU204894/CHN/pig/2013/Unknown	[835, 1140]
>KU204893/CHN/pig/2013/Unknown	[835, 1140]
>KR401154/MMR/cattle/Unknown/O	[835, 1140]
>KR401160/KOR/cattle/Unknown/O	[835, 1140]
>KR401159/KOR/cattle/Unknown/O	[835, 1140]
>KR401158/KOR/cattle/Unknown/O	[835, 1140]
>KR401157/MMR/cattle/Unknown/O	[835, 1140]
>KR401156/MMR/cattle/Unknown/O	[835, 1140]
>KR401155/MMR/cattle/Unknown/O	[835, 1140]
>KX712091/BGD/pig/2015/O	[835, 1140]
>JN099703/IRQ/cattle/2009/A	[829, 1134]
>JN099702/IRQ/cattle/2009/A	[829, 1134]
>JN099701/IRQ/cattle/2009/A	[829, 1134]
>JN099700/IRQ/cattle/2009/A	[829, 1134]
>JN099699/IRQ/cattle/2009/A	[829, 1134]
>JN099698/IRQ/cattle/2009/A	[829, 1134]
>JN099697/IRQ/cattle/2009/A	[829, 1134]
>JN099696/IRQ/cattle/2009/A	[829, 1134]
>JN099695/IRQ/cattle/2009/A	[829, 1134]
>JN099694/IRQ/cattle/2009/A	[829, 1134]
>JN099693/IRQ/cattle/2009/A	[829, 1134]
>JN099692/IRQ/cattle/2009/A	[829, 1134]
>JN099691/IRQ/cattle/2009/A	[829, 1134]
>JN099690/IRQ/cattle/2009/A	[829, 1134]
>JN099689/IRQ/cattle/2009/A	[829, 1134]
>JN099688/IRQ/cattle/2009/A	[829, 1134]
>HM625677/UGA/cow/2006/O	[835, 1140]
>HM625676/KEN/cow/1999/O	[835, 1140]
>HM625675/KEN/cow/2000/O	[835, 1140]
>HM625674/KEN/cow/1992/O	[835, 1140]
>HM625673/KEN/cow/2005/O	[835, 1140]
>KX353623/ECU/cow/2010/O	[835, 1140]
>KX375417/Unknown/Unknown/Unknown/SAT-3	[841, 1146]
>KX162590/KOR/pig/2014/O	[835, 1140]
>KU726614/GRC/sheep/1994/O	[835, 1140]
>KU821592/ZMB/cow/2009/SAT2	[841, 1146]
>KU821591/ZMB/cow/2010/O	[835, 1140]
>KU821590/NAM/cow/2010/SAT1	[841, 1146]
>KU291242/MAR/cow/2015/O	[835, 1140]
>KX002205/ARG/cattle/2001/A	[835, 1140]
>KX002204/ARG/cattle/2001/A	[835, 1140]
>KX002203/ARG/cattle/2001/A	[835, 1140]
>KX002202/ARG/cattle/2001/A	[835, 1140]
>KX002201/ARG/cattle/2001/A	[835, 1140]
>KX002200/ARG/cattle/2001/A	[835, 1140]
>KX002199/ARG/cattle/2001/A	[835, 1140]
>KX002198/ARG/cattle/2001/A	[835, 1140]
>KX002197/ARG/cattle/2001/A	[835, 1140]
>KX002196/ARG/cattle/2001/A	[835, 1140]
>KX002195/ARG/cattle/2001/A	[835, 1140]
>KX002194/ARG/cattle/2000/A	[835, 1140]
>KX002193/ARG/cattle/2001/A	[835, 1140]
>KX002192/ARG/cattle/2001/A	[835, 1140]
>KX002191/ARG/cattle/2001/A	[835, 1140]
>KX002190/ARG/cattle/2001/A	[835, 1140]
>KX002189/ARG/cattle/2001/A	[835, 1140]
>KX002188/ARG/cattle/2001/A	[835, 1140]
>KX002187/ARG/cattle/2001/A	[835, 1140]
>KX002186/ARG/cattle/2001/A	[835, 1140]
>KX002185/ARG/cattle/2001/A	[835, 1140]
>KX002184/ARG/cattle/2001/A	[835, 1140]
>KX002183/ARG/cattle/2001/A	[835, 1140]
>KX002182/ARG/cattle/2001/A	[835, 1140]
>KX002181/ARG/cattle/2001/A	[835, 1140]
>KX002180/ARG/cattle/2001/A	[835, 1140]
>KX002179/ARG/cattle/2001/A	[835, 1140]
>KX002178/ARG/cattle/2001/A	[835, 1140]
>KX002177/ARG/cattle/2001/A	[835, 1140]
>KX002176/ARG/cattle/2001/A	[835, 1140]
>KT968663/CHN/yak/2013/A	[835, 1140]
>KU127247/SAU/cattle/2015/A	[835, 1140]
>KU360085/CHN/pig/2015/Asia-l	[835, 1140]
>HQ268509/VNM/Unknown/2004/Unknown	[835, 1140]
>LC036265/JPN/cattle/2010/O	[835, 1140]
>KR108950/ZAF/african-buffalo/2009/SAT3	[841, 1146]
>KR108949/ZAF/african-buffalo/2009/SAT2	[841, 1146]
>KR108948/ZAF/african-buffalo/2009/SAT1	[841, 1146]
>HQ832592/IND/cattle/2009/A	[835, 1140]
>HQ832591/IND/cattle/2008/A	[835, 1140]
>HQ832590/IND/cattle/2007/A	[835, 1140]
>HQ832589/IND/cattle/2006/A	[835, 1140]
>HQ832588/IND/cattle/2005/A	[835, 1140]
>HQ832587/IND/cattle/2005/A	[835, 1140]
>HQ832586/IND/Unknown/2006/A	[835, 1140]
>HQ832585/IND/Unknown/2005/A	[835, 1140]
>HQ832584/IND/cattle/2005/A	[835, 1140]
>HQ832583/IND/Unknown/2005/A	[835, 1140]
>HQ832582/IND/buffalo/2004/A	[835, 1140]
>HQ832581/IND/cattle/2004/A	[835, 1140]
>HQ832580/IND/cattle/2003/A	[835, 1140]
>HQ832579/IND/buffalo/2003/A	[835, 1140]
>HQ832578/IND/Unknown/2003/A	[835, 1140]
>HQ832577/IND/Unknown/1999/A	[835, 1140]
>HQ832576/IND/Unknown/1990/A	[835, 1140]
>KC412634/CHN/pig/2006/Asia1	[835, 1140]
>KT003716/PAK/water-buffalo/2005/O	[835, 1140]
>KJ608371/VNM/cattle/2013/A	[835, 1140]
>KP940474/EGY/cattle/2014/A	[841, 1146]
>KP940473/EGY/cattle/2014/O	[835, 1140]
>KJ560309/GBR/cattle/2007/O	[835, 1140]
>KJ560308/GBR/cattle/2007/O	[835, 1140]
>KJ560307/GBR/cattle/2007/O	[835, 1140]
>KJ560306/GBR/cattle/2007/O	[835, 1140]
>KJ560305/GBR/cattle/2007/O	[835, 1140]
>KJ560304/GBR/cattle/2007/O	[835, 1140]
>KJ560303/GBR/cattle/2007/O	[835, 1140]
>KJ560302/GBR/cattle/2007/O	[835, 1140]
>KJ560301/GBR/cattle/2007/O	[835, 1140]
>KJ560300/GBR/sheep/2007/O	[835, 1140]
>KJ560299/GBR/sheep/2007/O	[835, 1140]
>KJ560298/GBR/sheep/2007/O	[835, 1140]
>KJ560297/GBR/sheep/2007/O	[835, 1140]
>KJ560296/GBR/cattle/2007/O	[835, 1140]
>KJ560295/GBR/cattle/2007/O	[835, 1140]
>KJ560294/GBR/cattle/2007/O	[835, 1140]
>KJ560293/GBR/cattle/2007/O	[835, 1140]
>KJ560292/GBR/cattle/2007/O	[835, 1140]
>KJ560291/GBR/cattle/2007/O	[835, 1140]
>KJ560290/GBR/cattle/2007/O	[835, 1140]
>KJ560289/GBR/cattle/2007/O	[835, 1140]
>KJ560288/GBR/cattle/2007/O	[835, 1140]
>KJ560287/GBR/cattle/2007/O	[835, 1140]
>KJ560286/GBR/cattle/2007/O	[835, 1140]
>KJ560285/GBR/cattle/2007/O	[835, 1140]
>KJ560284/GBR/cattle/2007/O	[835, 1140]
>KJ560283/GBR/cattle/2007/O	[835, 1140]
>KJ560282/GBR/cattle/2007/O	[835, 1140]
>KJ560281/GBR/cattle/2007/O	[835, 1140]
>KJ560280/GBR/cattle/2007/O	[835, 1140]
>KJ560279/GBR/cattle/2007/O	[835, 1140]
>KJ560278/GBR/cattle/2007/O	[835, 1140]
>KJ560277/GBR/cattle/2007/O	[835, 1140]
>KJ560276/GBR/cattle/2007/O	[835, 1140]
>KJ825809/IND/buffalo/2013/O	[835, 1140]
>KJ825808/IND/cattle/2013/O	[835, 1140]
>KJ825807/IND/cattle/2014/O	[835, 1140]
>KJ825806/IND/cattle/2013/O	[835, 1140]
>KJ825805/IND/cattle/2013/O	[835, 1140]
>KJ825804/IND/cattle/2013/O	[835, 1140]
>KJ825803/IND/cattle/2013/O	[835, 1140]
>KJ825802/IND/cattle/2013/O	[835, 1140]
>KJ825801/IND/cattle/2013/O	[835, 1140]
>KJ820999/UGA/cattle/2013/SAT-3	[841, 1146]
>KJ206910/SAU/cattle/2013/O	[835, 1140]
>KJ206909/LBY/cattle/2013/O	[835, 1140]
>KJ206908/BTN/cattle/2013/O	[835, 1140]
>HQ268524/BTN/Unknown/2004/Unknown	[835, 1140]
>KM268901/ZWE/cattle/1991/SAT-3	[841, 1146]
>KM268900/TZA/cattle/2012/SAT-2	[841, 1146]
>KM268899/TZA/cattle/2012/SAT-1	[841, 1146]
>KM268898/TUR/cattle/2013/Asia-1	[835, 1140]
>KM268897/KEN/cattle/2004/C	[835, 1140]
>KM268896/TUR/cattle/2013/A	[835, 1140]
>KM268895/TUR/cattle/2013/O	[835, 1140]
>KM257065/GBR/cattle/2001/O	[835, 1140]
>KM257064/GBR/cattle/2001/O	[835, 1140]
>KM257063/GBR/cattle/2001/O	[835, 1140]
>KM257062/GBR/cattle/2001/O	[835, 1140]
>KM257061/GBR/cattle/2001/O	[835, 1140]
>KJ933864/MYS/Unknown/1997/A	[835, 1140]
>JX869188/GBR/sheep/1968/O	[835, 1140]
>JX869187/GBR/cattle/1968/O	[835, 1140]
>JX869186/GBR/cattle/1968/O	[835, 1140]
>JX869185/GBR/cattle/1968/O	[835, 1140]
>JX869184/GBR/cattle/1968/O	[835, 1140]
>JX869183/GBR/cattle/1968/O	[835, 1140]
>JX869182/GBR/cattle/1968/O	[835, 1140]
>JX869181/GBR/cattle/1967/O	[835, 1140]
>JX869180/GBR/cattle/1967/O	[835, 1140]
>JX869179/GBR/cattle/1967/O	[835, 1140]
>JX869178/GBR/cattle/1967/O	[835, 1140]
>JX869177/GBR/cattle/1967/O	[835, 1140]
>KJ754939/BGD/cattle/2013/A	[835, 1140]
>KF501488/KOR/pig/2010/Unknown	[835, 1140]
>KF501487/KOR/pig/2010/Unknown	[835, 1140]
>KF501486/KOR/pig/2010/Unknown	[835, 1140]
>KC503937/KOR/Unknown/2010/Unknown	[835, 1140]
>KF985189/BGD/cattle/2013/O	[835, 1140]
>KC588943/KOR/cattle/2010/A	[835, 1140]
>KF694746/KOR/pig/2002/O	[835, 1140]
>KF694745/KOR/pig/2002/O	[835, 1140]
>KF694744/KOR/cow/2002/O	[835, 1140]
>KF694743/KOR/pig/2002/O	[835, 1140]
>KF694742/KOR/pig/2002/O	[835, 1140]
>KF694741/KOR/pig/2002/O	[835, 1140]
>KF694740/KOR/pig/2002/O	[835, 1140]
>KF694739/KOR/pig/2002/O	[835, 1140]
>KF694738/KOR/pig/2002/O	[835, 1140]
>KF694737/KOR/pig/2002/O	[835, 1140]
>KF694736/KOR/pig/2002/O	[835, 1140]
>KF694735/KOR/pig/2002/O	[835, 1140]
>KF694734/KOR/pig/2002/O	[835, 1140]
>KF694733/KOR/pig/2002/O	[835, 1140]
>KF694732/KOR/pig/2002/O	[835, 1140]
>KF694731/KOR/pig/2002/O	[835, 1140]
>KF112889/HKG/pig/2010/O	[835, 1140]
>KF112888/KOR/cattle/2011/O	[835, 1140]
>KF112887/KOR/pig/2010/O	[835, 1140]
>KF112886/KOR/cattle/2010/O	[838, 1143]
>KF112885/JPN/cattle/2010/O	[835, 1140]
>KF112884/RUS/cattle/2010/O	[835, 1140]
>KF112883/RUS/pig/2010/O	[835, 1140]
>KF112882/MNG/cattle/2010/O	[835, 1140]
>KF112881/MNG/cattle/2010/O	[835, 1140]
>KF112880/MMR/cattle/2009/O	[835, 1140]
>KF112879/THA/pig/2009/O	[835, 1140]
>KC462884/CHN/pig/2006/Asial	[835, 1140]
>JX040501/ISR/cattle/2011/O	[835, 1140]
>JX040500/TUR/cattle/2011/O	[835, 1140]
>JX040499/TUR/cattle/2011/O	[835, 1140]
>JX040498/TUR/cattle/2010/O	[835, 1140]
>JX040497/TUR/cattle/2010/O	[835, 1140]
>JX040496/TUR/cattle/2010/O	[835, 1140]
>JX040495/TUR/cattle/2010/O	[835, 1140]
>JX040494/TUR/cattle/2010/O	[835, 1140]
>JX040493/TUR/cattle/2010/O	[835, 1140]
>JX040492/TUR/cattle/2010/O	[835, 1140]
>JX040491/TUR/cattle/2010/O	[835, 1140]
>JX040490/BGR/cattle/2011/O	[835, 1140]
>JX040489/BGR/cattle/2011/O	[835, 1140]
>JX040488/BGR/cattle/2011/O	[835, 1140]
>JX040487/BGR/cattle/2011/O	[835, 1140]
>JX040486/BGR/cattle/2011/O	[835, 1140]
>JX040485/BGR/pig/2010/O	[835, 1140]
>JX066665/BGR/cattle/2011/O	[835, 1140]
>JX066664/BGR/cattle/2011/O	[835, 1140]
>JX570655/GBR/cattle/2007/O	[835, 1140]
>JX570654/GBR/cattle/2007/O	[835, 1140]
>JX570653/GBR/cattle/2007/O	[835, 1140]
>JX570652/GBR/cattle/2007/O	[835, 1140]
>JX570651/GBR/cattle/2007/O	[835, 1140]
>JX570650/GBR/cattle/2007/O	[835, 1140]
>JX570649/GBR/cattle/2007/O	[835, 1140]
>JX570648/GBR/cattle/2007/O	[835, 1140]
>JX570647/GBR/cattle/2007/O	[835, 1140]
>JX570646/GBR/cattle/2007/O	[835, 1140]
>JX570645/GBR/cattle/2007/O	[835, 1140]
>JX570644/GBR/cattle/2007/O	[835, 1140]
>JX570643/GBR/cattle/2007/O	[835, 1140]
>JX570642/GBR/cattle/2007/O	[835, 1140]
>JX570641/GBR/cattle/2007/O	[835, 1140]
>JX570640/GBR/cattle/2007/O	[835, 1140]
>JX570639/GBR/cattle/2007/O	[835, 1140]
>JX570638/GBR/cattle/2007/O	[835, 1140]
>JX014256/PSE/cattle/2012/SAT2	[841, 1146]
>JX014255/EGY/Unknown/2012/SAT2	[841, 1146]
>JN998086/CHN/cattle/2010/Unknown	[835, 1140]
>JN998085/CHN/pig/2010/Unknown	[835, 1140]
>JN006722/Unknown/Unknown/Unknown/Unknown	[835, 1140]
>JN006720/Unknown/Unknown/Unknown/Unknown	[835, 1140]
>JN006719/Unknown/Unknown/Unknown/Unknown	[835, 1140]
>HQ631363/CHN/pig/2006/Asia-1	[835, 1140]
>JF739177/ISR/Unknown/1989/Asia-1	[835, 1140]
>HQ632774/MYS/cattle/1999/Asia-1	[835, 1140]
>HQ632773/MYS/cattle/2007/A	[835, 1140]
>HQ632772/MYS/cattle/2007/O	[835, 1140]
>HQ632771/MYS/pig/2005/O	[835, 1140]
>HQ632770/MYS/cattle/2004/O	[835, 1140]
>HQ632769/MYS/cattle/2001/O	[835, 1140]
>HQ632768/MYS/pig/2000/O	[835, 1140]
>GU582116/VNM/Unknown/2009/Unknown	[835, 1140]
>GU582115/VNM/Unknown/2009/Unknown	[835, 1140]
>FJ906802/CHN/pig/2006/Asia-1	[835, 1140]
>GQ406252/VNM/buffalo/2009/A	[835, 1140]
>GQ406251/VNM/pig/2009/A	[835, 1140]
>GQ406250/VNM/cattle/2009/A	[835, 1140]
>GQ406249/VNM/cattle/2009/A	[835, 1140]
>GQ406248/VNM/cattle/2009/A	[835, 1140]
>GQ406247/VNM/cattle/2009/A	[835, 1140]
>GU931682/CHN/cow/2005/Unknown	[835, 1140]
>HQ113233/AFG/cow/2009/Asia-1	[835, 1140]
>HQ113232/PAK/cow/2009/O	[835, 1140]
>HM067706/UGA/african-buffalo/2007/SAT-1	[841, 1146]
>HM067705/UGA/african-buffalo/2007/SAT-2	[841, 1146]
>HM067704/UGA/african-buffalo/2007/SAT-2	[841, 1146]
>GQ452295/VNM/cattle/2007/Asia-1	[835, 1140]
>HM008917/CHN/pig/2005/O	[835, 1140]
>HQ412603/CHN/pig/2000/O	[835, 1140]
>HQ009509/CHN/pig/1999/Unknown	[835, 1140]
>HM191257/UGA/cow/2006/O	[835, 1140]
>GU125650/VNM/cattle/2006/O	[835, 1140]
>GU125649/VNM/cattle/2006/O	[835, 1140]
>GU125648/VNM/buffalo/2006/O	[835, 1140]
>GU125647/VNM/cattle/2006/O	[835, 1140]
>GU125646/VNM/buffalo/2005/Asia-1	[835, 1140]
>GU125645/VNM/cattle/2007/Asia-1	[835, 1140]
>HM854025/IND/cow/1999/A	[835, 1140]
>HM854024/IND/cattle/1982/A	[835, 1140]
>HM854023/IND/cattle/1999/A	[835, 1140]
>HM854022/IND/cattle/1977/A	[835, 1140]
>HM854021/IND/buffalo/2000/A	[835, 1140]
>HM055510/VNM/Unknown/2009/Unknown	[835, 1140]
>FJ542372/GBR/cattle/2001/Unknown	[835, 1140]
>FJ542371/GBR/cattle/2001/Unknown	[835, 1140]
>FJ542370/GBR/cattle/2001/Unknown	[835, 1140]
>FJ542369/GBR/sheep/2001/Unknown	[835, 1140]
>FJ542368/GBR/cattle/2001/Unknown	[835, 1140]
>FJ542367/GBR/cattle/2001/Unknown	[835, 1140]
>FJ542366/GBR/sheep/2001/Unknown	[835, 1140]
>FJ542365/GBR/cattle/2001/Unknown	[835, 1140]
>EU214601/GBR/sheep/2001/Pan-Asia-O	[835, 1140]
>EU140964/ARE/Unknown/Unknown/Unknown	[835, 1140]
>EF614457/KOR/cattle/Unknown/O	[835, 1140]
>EF494488/PAK/cattle/2006/Unknown	[829, 1134]
>EF494487/PAK/cattle/2006/Unknown	[829, 1134]
>DQ989323/IND/cattle/2002/Unknown	[835, 1140]
>DQ989322/IND/cattle/2002/Unknown	[835, 1140]
>DQ989321/IND/cattle/2001/Unknown	[835, 1140]
>DQ989320/IND/cattle/2002/Unknown	[835, 1140]
>DQ989319/IND/cattle/2001/Unknown	[835, 1140]
>DQ989318/IND/cattle/2002/Unknown	[835, 1140]
>DQ989317/IND/buffalo/2000/Unknown	[835, 1140]
>DQ989316/IND/buffalo/1989/Unknown	[835, 1140]
>DQ989315/IND/cattle/1993/Unknown	[835, 1140]
>DQ989314/IND/cattle/2001/Unknown	[835, 1140]
>DQ989313/IND/buffalo/1986/Unknown	[835, 1140]
>DQ989312/IND/sheep/1990/Unknown	[835, 1140]
>DQ989311/IND/buffalo/2002/Unknown	[835, 1140]
>DQ989310/IND/cattle/1999/Unknown	[835, 1140]
>DQ989309/IND/cattle/1996/Unknown	[835, 1140]
>DQ989308/IND/cattle/1994/Unknown	[835, 1140]
>DQ989307/IND/cattle/1992/Unknown	[835, 1140]
>DQ989306/IND/cattle/1986/Unknown	[835, 1140]
>DQ989305/IND/cattle/1990/Unknown	[835, 1140]
>DQ989304/IND/cattle/2000/Unknown	[835, 1140]
>DQ989303/IND/cattle/1993/Unknown	[835, 1140]
>AY593853/BWA/Unknown/Unknown/SAT3	[841, 1146]
>AY593852/KEN/Unknown/Unknown/SAT3	[841, 1146]
>AY593851/BWA/Unknown/Unknown/SAT3	[841, 1146]
>AY593850/ZAF/Unknown/Unknown/SAT3	[841, 1146]
>AY593849/KEN/Unknown/Unknown/SAT2	[841, 1146]
>AY593848/Unknown/Unknown/Unknown/SAT2	[841, 1146]
>AY593847/ZWE/Unknown/Unknown/SAT2	[841, 1146]
>AY593846/ZWE/Unknown/Unknown/SAT1	[841, 1146]
>AY593845/BWA/Unknown/Unknown/SAT1	[841, 1146]
>AY593844/ISR/Unknown/Unknown/SAT1	[841, 1146]
>AY593843/NAM/Unknown/Unknown/SAT1	[841, 1146]
>AY593842/ZAF/Unknown/Unknown/SAT1	[841, 1146]
>AY593841/ZWE/Unknown/Unknown/SAT1	[841, 1146]
>AY593840/NAM/Unknown/Unknown/SAT1	[841, 1146]
>AY593839/Unknown/Unknown/Unknown/SAT1	[841, 1146]
>AY593838/BWA/Unknown/Unknown/SAT1	[841, 1146]
>AY593837/URY/Unknown/Unknown/O	[835, 1140]
>AY593836/GBR/Unknown/Unknown/O	[835, 1140]
>AY593835/TWN/Unknown/Unknown/O	[835, 1140]
>AY593834/IRN/Unknown/Unknown/O	[835, 1140]
>AY593833/TWN/Unknown/Unknown/O	[835, 1140]
>AY593832/GBR/Unknown/Unknown/O	[835, 1140]
>AY593831/GBR/Unknown/Unknown/O	[835, 1140]
>AY593830/POL/Unknown/Unknown/O	[835, 1140]
>AY593829/GBR/Unknown/Unknown/O	[835, 1140]
>AY593828/IND/Unknown/Unknown/O	[835, 1140]
>AY593827/VEN/Unknown/Unknown/O	[835, 1140]
>AY593826/ITA/Unknown/Unknown/O	[835, 1140]
>AY593825/ARG/Unknown/Unknown/O	[835, 1140]
>AY593824/KOR/Unknown/Unknown/O	[835, 1140]
>AY593823/TUR/Unknown/Unknown/O	[835, 1140]
>AY593822/Unknown/Unknown/Unknown/O	[835, 1140]
>AY593821/ARG/Unknown/Unknown/O	[835, 1140]
>AY593820/ARG/Unknown/Unknown/O	[835, 1140]
>AY593819/ARG/Unknown/Unknown/O	[835, 1140]
>AY593818/ARG/Unknown/Unknown/O	[835, 1140]
>AY593817/BEL/Unknown/Unknown/O	[835, 1140]
>AY593816/GBR/Unknown/Unknown/O	[835, 1140]
>AY593815/GBR/Unknown/Unknown/O	[835, 1140]
>AY593814/ARG/Unknown/Unknown/O	[835, 1140]
>AY593813/IDN/Unknown/Unknown/O	[835, 1140]
>AY593812/PHL/Unknown/Unknown/O	[835, 1140]
>AY593811/PHL/Unknown/Unknown/O	[835, 1140]
>AY593810/GBR/Unknown/Unknown/C	[835, 1140]
>AY593803/BRA/Unknown/Unknown/A	[835, 1140]
>AY593802/URY/Unknown/Unknown/A	[835, 1140]
>AY593801/URY/Unknown/Unknown/A	[835, 1140]
>AY593800/LBN/Unknown/Unknown/Asia1	[835, 1140]
>AY593799/LBN/Unknown/Unknown/Asia1	[835, 1140]
>AY593798/LBN/Unknown/Unknown/Asia1	[835, 1140]
>AY593797/ISR/Unknown/Unknown/Asia1	[835, 1140]
>AY593796/ISR/Unknown/Unknown/Asia1	[835, 1140]
>AY593795/PAK/Unknown/Unknown/Asia1	[835, 1140]
>AY593794/COL/Unknown/Unknown/A	[835, 1140]
>AY593793/PHL/Unknown/Unknown/A	[835, 1140]
>AY593792/ITA/Unknown/Unknown/A	[835, 1140]
>AY593791/IRN/Unknown/Unknown/A	[835, 1140]
>AY593790/ARG/Unknown/Unknown/A	[835, 1140]
>AY593789/ARG/Unknown/Unknown/A	[835, 1140]
>AY593788/BRA/Unknown/Unknown/A	[835, 1140]
>AY593787/BRA/Unknown/Unknown/A	[991, 1224]
>AY593786/ARG/Unknown/Unknown/A	[835, 1140]
>AY593785/ARG/Unknown/Unknown/A	[835, 1140]
>AY593784/ARG/Unknown/Unknown/A	[835, 1140]
>AY593783/ARG/Unknown/Unknown/A	[835, 1140]
>AY593782/ARG/Unknown/Unknown/A	[835, 1140]
>AY593781/DEU/Unknown/Unknown/A	[835, 1140]
>AY593780/FRA/Unknown/Unknown/A	[835, 1140]
>AY593779/DEU/Unknown/Unknown/A	[835, 1140]
>AY593778/ESP/Unknown/Unknown/A	[835, 1140]
>AY593777/DEU/Unknown/Unknown/A	[835, 1140]
>AY593776/DEU/Unknown/Unknown/A	[835, 1140]
>AY593775/VEN/Unknown/Unknown/A	[835, 1140]
>AY593774/ESP/Unknown/Unknown/A	[835, 1140]
>AY593773/PER/Unknown/Unknown/A	[835, 1140]
>AY593772/TUR/Unknown/Unknown/A	[835, 1140]
>AY593771/COL/Unknown/Unknown/A	[835, 1140]
>AY593770/ARG/Unknown/Unknown/A	[835, 1140]
>AY593769/ARG/Unknown/Unknown/A	[835, 1140]
>AY593768/BRA/Unknown/Unknown/A	[835, 1140]
>AY593767/ARG/Unknown/Unknown/A	[835, 1140]
>AY593766/KEN/Unknown/Unknown/A	[835, 1140]
>AY593765/TUR/Unknown/Unknown/A	[835, 1140]
>AY593764/IRQ/Unknown/Unknown/A	[835, 1140]
>AY593763/IRQ/Unknown/Unknown/A	[835, 1140]
>AY593762/IRQ/Unknown/Unknown/A	[835, 1140]
>AY593761/KEN/Unknown/Unknown/A	[832, 1137]
>AY593760/RUS/Unknown/Unknown/A	[835, 1140]
>AY593759/DEU/Unknown/Unknown/A	[835, 1140]
>AY593758/VEN/Unknown/Unknown/A	[835, 1140]
>AY593757/BRA/Unknown/Unknown/A	[835, 1140]
>AY593756/BRA/Unknown/Unknown/A	[835, 1140]
>AY593755/THA/Unknown/Unknown/A	[835, 1140]
>AY593754/ESP/Unknown/Unknown/A	[835, 1140]
>AY593753/BRA/Unknown/Unknown/A	[835, 1140]
>AY593752/GBR/Unknown/Unknown/A	[835, 1140]
>AY593751/NLD/Unknown/Unknown/A	[835, 1140]
>AF511039/Unknown/Unknown/Unknown/O	[835, 1140]
>FJ824812/ESP/Unknown/Unknown/C	[835, 1140]
>EF175732/CHN/Unknown/Unknown/O	[835, 1140]
>DQ404180/GBR/pig/2001/O	[835, 1140]
>DQ404179/GBR/pig/2001/O	[835, 1140]
>DQ404178/GBR/pig/2001/O	[835, 1140]
>DQ404177/GBR/pig/2001/O	[835, 1140]
>DQ404176/GBR/cow/2001/O	[835, 1140]
>DQ404175/GBR/cow/2001/O	[835, 1140]
>DQ404174/IRL/sheep/2001/O	[835, 1140]
>DQ404173/GBR/cow/2001/O	[835, 1140]
>DQ404172/GBR/cow/2001/O	[835, 1140]
>DQ404171/GBR/sheep/2001/O	[835, 1140]
>DQ404169/GBR/sheep/2001/O	[835, 1140]
>DQ404170/GBR/sheep/2001/O	[835, 1140]
>DQ404168/GBR/cow/2001/O	[835, 1140]
>DQ404167/GBR/sheep/2001/O	[835, 1140]
>DQ404166/GBR/cow/2001/O	[835, 1140]
>DQ404165/GBR/cow/2001/O	[835, 1140]
>DQ404164/GBR/cow/2001/O	[835, 1140]
>DQ404163/GBR/cow/2001/O	[835, 1140]
>DQ404162/GBR/sheep/2001/O	[835, 1140]
>DQ404161/GBR/cow/2001/O	[835, 1140]
>DQ404160/GBR/cow/2001/O	[835, 1140]
>DQ404159/GBR/cow/2001/O	[835, 1140]
>DQ404158/GBR/sheep/2001/O	[835, 1140]
>DQ478936/CHN/cattle/Unknown/O	[835, 1140]
>AY687334/IND/Unknown/Unknown/Unknown	[835, 1140]
>AY687333/IND/Unknown/Unknown/Unknown	[835, 1140]
>AY390432/Unknown/Unknown/Unknown/Asia-1	[835, 1140]
>AY359854/Unknown/Unknown/Unknown/O	[835, 1140]
>AF506822/Unknown/Unknown/Unknown/O	[835, 1140]
>AF274010/Unknown/Unknown/Unknown/Unknown	[835, 1140]
>AF026168/TWN/Unknown/Unknown/Unknown	[835, 1140]
>DQ119643/Unknown/Unknown/Unknown/Unknown	[835, 1140]
>FJ623456/KAZ/Unknown/1999/A22	[835, 1140]
>AB079061/JPN/Unknown/Unknown/O	[835, 1140]
>EF614458/MNG/cattle/Unknown/Asia1	[835, 1140]
>EU448381/GBR/cow/2007/O	[835, 1140]
>EU448380/GBR/cow/2007/O	[835, 1140]
>EU448379/GBR/cow/2007/O	[835, 1140]
>EU448378/GBR/sheep/2007/O	[835, 1140]
>EU448377/GBR/cow/2007/O	[835, 1140]
>EU448376/GBR/cow/2007/O	[835, 1140]
>EU448375/GBR/cow/2007/O	[835, 1140]
>EU448374/GBR/cow/2007/O	[835, 1140]
>EU448373/GBR/cow/2007/O	[835, 1140]
>EU448372/GBR/cow/2007/O	[835, 1140]
>EU448371/GBR/cow/2007/O	[835, 1140]
>EU448370/GBR/cow/1967/O	[835, 1140]
>EU448369/GBR/cow/1967/O	[835, 1140]
>EU448368/GBR/cow/1967/O	[835, 1140]
>EF494486/TUR/cattle/2005/Unknown	[829, 1134]
>EF149010/CHN/Unknown/Unknown/Unknown	[835, 1140]
>EF149009/CHN/Unknown/Unknown/Unknown	[835, 1140]
>AM409325/Unknown/Unknown/Unknown/C	[835, 1140]
>X74812/Unknown/Unknown/Unknown/Unknown	[835, 1140]
>AJ539141/GBR/Unknown/Unknown/O	[835, 1140]
>AJ539140/ZAF/Unknown/Unknown/O	[835, 1140]
>AJ539139/KOR/Unknown/Unknown/O	[835, 1140]
>AJ539138/CHN/Unknown/Unknown/O	[835, 1140]
>AJ539137/TWN/Unknown/Unknown/O	[835, 1140]
>AJ539136/TWN/Unknown/Unknown/O	[835, 1140]
>AJ320488/BRA/Unknown/Unknown/Unknown	[835, 1140]
>AJ251473/KEN/Unknown/Unknown/Unknown	[841, 1146]
>AJ633821/FRA/Unknown/Unknown/O	[835, 1140]
>AY317098/Unknown/Unknown/Unknown/Unknown	[835, 1140]
>OQ427393/Unknown/cow/2009/C	[835, 1140]
>OQ356337/PAK/cow/2006/Asia-1	[835, 1140]
>OQ383267/BRA/cow/1963/C	[835, 1140]
>OQ383266/GBR/Unknown/2002/Unknown	[832, 1137]
>OQ383265/NLD/cow/2000/C	[835, 1140]
>OQ356339/GBR/cow/1987/C	[835, 1140]
>OQ356338/ISR/cow/2006/Asia-1	[835, 1140]
>OM562602/KEN/cow/2014/Unknown	[841, 1146]
>OM562601/KEN/cow/2014/Unknown	[841, 1146]
>OM562600/KEN/cow/2016/Unknown	[841, 1146]
>OM562599/KEN/cow/2016/Unknown	[841, 1146]
>OM562598/KEN/cow/2016/Unknown	[841, 1146]
>OM562597/KEN/cow/2016/Unknown	[841, 1146]
>OM562596/KEN/cow/2016/Unknown	[841, 1146]
>OM562595/KEN/cow/2016/Unknown	[841, 1146]
>OM562594/KEN/cow/2016/Unknown	[841, 1146]
>OM562593/KEN/cow/2016/Unknown	[841, 1146]
>OM562592/KEN/cow/2016/Unknown	[841, 1146]
>OM562591/KEN/cow/2016/Unknown	[841, 1146]
>OM562590/KEN/cow/2016/Unknown	[841, 1146]
>OM562589/KEN/cow/2016/Unknown	[841, 1146]
>OM562588/KEN/cow/2016/Unknown	[841, 1146]
>OM562587/KEN/cow/2016/Unknown	[841, 1146]
>OM562586/KEN/cow/2016/Unknown	[841, 1146]
>OM562585/KEN/cow/2016/Unknown	[841, 1146]
>OM562584/KEN/cow/2016/Unknown	[841, 1146]
>OM562583/KEN/cow/2016/Unknown	[841, 1146]
>OM562582/KEN/cow/2016/Unknown	[841, 1146]
>OM562581/KEN/cow/2016/Unknown	[841, 1146]
>OM562580/KEN/cow/2016/Unknown	[841, 1146]
>OM562579/KEN/cow/2016/Unknown	[841, 1146]
>OM562578/KEN/cow/2016/Unknown	[841, 1146]
>OM562577/KEN/cow/2016/Unknown	[841, 1146]
>OM562576/KEN/cow/2016/Unknown	[841, 1146]
>OM562575/KEN/cow/2016/Unknown	[841, 1146]
>OM562574/KEN/cow/2016/Unknown	[841, 1146]
>OM562573/KEN/cow/2016/Unknown	[841, 1146]
>OM562572/KEN/cow/2016/Unknown	[841, 1146]
>OM562571/KEN/cow/2016/Unknown	[841, 1146]
>OM562570/KEN/cow/2016/Unknown	[841, 1146]
>OM562569/KEN/cow/2016/Unknown	[841, 1146]
>OM562568/KEN/cow/2016/Unknown	[841, 1146]
>OM562567/KEN/cow/2016/Unknown	[841, 1146]
>OM562566/KEN/cow/2016/Unknown	[841, 1146]
>OM562565/KEN/cow/2016/Unknown	[841, 1146]
>OM562564/KEN/cow/2016/Unknown	[841, 1146]
>OM562563/KEN/cow/2016/Unknown	[841, 1146]
>OM562562/KEN/cow/2016/Unknown	[841, 1146]
>OM562561/KEN/cow/2016/Unknown	[841, 1146]
>OM562560/KEN/cow/2016/Unknown	[841, 1146]
>OM562559/KEN/cow/2016/Unknown	[841, 1146]
>OM562558/KEN/cow/2016/Unknown	[841, 1146]
>OM562557/KEN/cow/2016/Unknown	[841, 1146]
>OM562556/KEN/cow/2016/Unknown	[841, 1146]
>OM562555/KEN/cow/2016/Unknown	[841, 1146]
>OM562554/KEN/cow/2016/Unknown	[841, 1146]
>OM562553/KEN/cow/2016/Unknown	[841, 1146]
>OM562552/KEN/cow/2016/Unknown	[841, 1146]
>OM562551/KEN/cow/2016/Unknown	[841, 1146]
>OM562550/KEN/cow/2016/Unknown	[841, 1146]
>OM562549/KEN/cow/2016/Unknown	[841, 1146]
>OM562548/KEN/cow/2016/Unknown	[841, 1146]
>OM562547/KEN/cow/2016/Unknown	[841, 1146]
>OM562546/KEN/cow/2016/Unknown	[841, 1146]
>OM562545/KEN/cow/2016/Unknown	[841, 1146]
>OM562544/KEN/cow/2016/Unknown	[841, 1146]
>OM562543/KEN/cow/2016/Unknown	[841, 1146]
>OM562542/KEN/cow/2016/Unknown	[841, 1146]
>OM562541/KEN/cow/2016/Unknown	[841, 1146]
>OM562540/KEN/cow/2016/Unknown	[841, 1146]
>OM562539/KEN/cow/2016/Unknown	[841, 1146]
>OM562538/KEN/cow/2016/Unknown	[841, 1146]
>OM562537/KEN/cow/2016/Unknown	[841, 1146]
>OM562536/KEN/cow/2016/Unknown	[841, 1146]
>OM562535/KEN/cow/2016/Unknown	[841, 1146]
>OM562534/KEN/cow/2016/Unknown	[841, 1146]
>OM562533/KEN/cow/2016/Unknown	[841, 1146]
>OM562532/KEN/cow/2016/Unknown	[841, 1146]
>OM562531/KEN/cow/2016/Unknown	[841, 1146]
>OM562530/KEN/cow/2016/Unknown	[841, 1146]
>OM562529/KEN/cow/2016/Unknown	[841, 1146]
>OM562528/KEN/cow/2016/Unknown	[841, 1146]
>OM562527/KEN/cow/2016/Unknown	[841, 1146]
>OM562526/KEN/cow/2016/Unknown	[841, 1146]
>OM562525/KEN/cow/2016/Unknown	[841, 1146]
>OM562524/KEN/cow/2016/Unknown	[841, 1146]
>OM562523/KEN/cow/2016/Unknown	[841, 1146]
>OM562522/KEN/cow/2016/Unknown	[841, 1146]
>OM562521/KEN/cow/2016/Unknown	[841, 1146]
>OM562520/KEN/cow/2016/Unknown	[841, 1146]
>OM562519/KEN/cow/2016/Unknown	[841, 1146]
>OM562518/KEN/cow/2016/Unknown	[841, 1146]
>OM562517/KEN/cow/2016/Unknown	[841, 1146]
>OM562516/KEN/cow/2016/Unknown	[841, 1146]
>OM562515/KEN/cow/2016/Unknown	[841, 1146]
>OM562514/KEN/cow/2016/Unknown	[841, 1146]
>OM562513/KEN/cow/2016/Unknown	[841, 1146]
>OM562512/KEN/cow/2016/Unknown	[841, 1146]
>OM562511/KEN/cow/2016/Unknown	[841, 1146]
>OM562510/KEN/cow/2016/Unknown	[841, 1146]
>OM562509/KEN/cow/2016/Unknown	[841, 1146]
>OM562508/KEN/cow/2016/Unknown	[841, 1146]
>OM562507/KEN/cow/2016/Unknown	[841, 1146]
>OM562506/KEN/cow/2016/Unknown	[841, 1146]
>OM562505/KEN/cow/2016/Unknown	[841, 1146]
>OM562504/KEN/cow/2016/Unknown	[841, 1146]
>OM562503/KEN/cow/2016/Unknown	[841, 1146]
>OM562502/KEN/cow/2016/Unknown	[841, 1146]
>OM562501/KEN/cow/2016/Unknown	[841, 1146]
>OM562500/KEN/cow/2016/Unknown	[841, 1146]
>OM562499/KEN/cow/2016/Unknown	[841, 1146]
>OM562498/KEN/cow/2016/Unknown	[841, 1146]
>OM562497/KEN/cow/2016/Unknown	[841, 1146]
>OM562496/KEN/cow/2016/Unknown	[841, 1146]
>OM562495/KEN/cow/2016/Unknown	[841, 1146]
>OM562494/KEN/cow/2016/Unknown	[841, 1146]
>OM562493/KEN/cow/2016/Unknown	[841, 1146]
>OM562492/KEN/cow/2016/Unknown	[841, 1146]
>OM562491/KEN/cow/2016/Unknown	[841, 1146]
>OM562490/KEN/cow/2016/Unknown	[841, 1146]
>OM562489/KEN/cow/2016/Unknown	[841, 1146]
>OM562488/KEN/cow/2016/Unknown	[841, 1146]
>OM562487/KEN/cow/2016/Unknown	[841, 1146]
>OM562486/KEN/cow/2016/Unknown	[841, 1146]
>OM562485/KEN/cow/2016/Unknown	[841, 1146]
>OM562484/KEN/cow/2016/Unknown	[841, 1146]
>OM562483/KEN/cow/2016/Unknown	[841, 1146]
>OM562482/KEN/cow/2016/Unknown	[841, 1146]
>OM562481/KEN/cow/2016/Unknown	[841, 1146]
>OM562480/KEN/cow/2016/Unknown	[841, 1146]
>OM562479/KEN/cow/2016/Unknown	[841, 1146]
>OM562478/KEN/cow/2016/Unknown	[841, 1146]
>OM562477/KEN/cow/2016/Unknown	[841, 1146]
>OM562476/KEN/cow/2016/Unknown	[841, 1146]
>OM562475/KEN/cow/2016/Unknown	[841, 1146]
>OM562474/KEN/cow/2016/Unknown	[841, 1146]
>OM562473/KEN/cow/2016/Unknown	[841, 1146]
>OM562472/KEN/cow/2016/Unknown	[841, 1146]
>OM562471/KEN/cow/2016/Unknown	[841, 1146]
>OM562470/KEN/cow/2016/Unknown	[841, 1146]
>OM562469/KEN/cow/2016/Unknown	[841, 1146]
>OM562468/KEN/cow/2016/Unknown	[841, 1146]
>OM562467/KEN/cow/2016/Unknown	[841, 1146]
>OM562466/KEN/cow/2016/Unknown	[841, 1146]
>OM562465/KEN/cow/2016/Unknown	[841, 1146]
>OM562464/KEN/cow/2016/Unknown	[841, 1146]
>OM562463/KEN/cow/2016/Unknown	[841, 1146]
>OM562462/KEN/cow/2016/Unknown	[841, 1146]
>OM562461/KEN/cow/2016/Unknown	[841, 1146]
>OM562460/KEN/cow/2016/Unknown	[841, 1146]
>OM562459/KEN/cow/2016/Unknown	[841, 1146]
>OM562458/KEN/cow/2016/Unknown	[841, 1146]
>OM562457/KEN/cow/2016/Unknown	[841, 1146]
>OM562456/KEN/cow/2016/Unknown	[841, 1146]
>OM562455/KEN/cow/2016/Unknown	[841, 1146]
>OM562454/KEN/cow/2016/Unknown	[841, 1146]
>OM562453/KEN/cow/2016/Unknown	[841, 1146]
>OV121130/Unknown/Unknown/Unknown/Unknown	[835, 1140]
>MT340225/VNM/cattle/2018/Unknown	[835, 1140]
>MT340224/VNM/buffalo/2018/Unknown	[835, 1140]
>MT340223/VNM/cattle/2019/Unknown	[835, 1140]
>MT340222/VNM/cattle/2019/Unknown	[835, 1140]
>MT340221/VNM/cattle/2018/Unknown	[835, 1140]
>MT340220/VNM/cattle/2018/Unknown	[835, 1140]
>MT340219/VNM/cattle/2018/Unknown	[835, 1140]
>MT340218/VNM/cattle/2018/Unknown	[835, 1140]
>MT340217/VNM/cattle/2018/Unknown	[835, 1140]
>MT340216/VNM/cattle/2018/Unknown	[835, 1140]
>MT340215/VNM/cattle/2018/Unknown	[835, 1140]
>MT340214/VNM/cattle/2018/Unknown	[835, 1140]
>MT340213/VNM/cattle/2018/Unknown	[835, 1140]
>MT340212/VNM/cattle/2018/Unknown	[835, 1140]
>MT340211/VNM/cattle/2018/Unknown	[835, 1140]
>MT340210/VNM/cattle/2018/Unknown	[835, 1140]
>MT340209/VNM/cattle/2018/Unknown	[835, 1140]
>MT340208/VNM/cattle/2018/Unknown	[835, 1140]
>MT340207/VNM/cattle/2018/Unknown	[835, 1140]
>MT340206/VNM/cattle/2018/Unknown	[835, 1140]
>MT340205/VNM/cattle/2018/Unknown	[835, 1140]
>MT340204/VNM/cattle/2018/Unknown	[835, 1140]
>MT340203/VNM/cattle/2017/Unknown	[835, 1140]
>MT340202/VNM/cattle/2017/Unknown	[835, 1140]
>MT340201/VNM/cattle/2017/Unknown	[835, 1140]
>MT340200/VNM/cattle/2017/Unknown	[835, 1140]
>MT340199/VNM/cattle/2017/Unknown	[835, 1140]
>MT340198/VNM/cattle/2017/Unknown	[835, 1140]
>MT340197/VNM/cattle/2017/Unknown	[835, 1140]
>LC456875/GHA/cow/2018/SAT2	[841, 1146]
>LC456874/GHA/cow/2018/SAT2	[841, 1146]
>MH746921/USA/cow/2017/Unknown	[835, 1140]
>EU400597/CHN/Unknown/Unknown/O	[835, 1140]
>AY686687/Unknown/Unknown/Unknown/Unknown	[835, 1140]
>AF377945/Unknown/Unknown/Unknown/Unknown	[835, 1140]
>EF552697/GBR/sheep/2001/Pan-Asia-O	[835, 1140]
>EF552696/GBR/cattle/2001/Pan-Asia-O	[835, 1140]
>EF552695/GBR/sheep/2001/Pan-Asia-O	[835, 1140]
>EF552694/GBR/cattle/2001/Pan-Asia-O	[835, 1140]
>EF552693/GBR/cattle/2001/Pan-Asia-O	[835, 1140]
>EF552692/GBR/sheep/2001/Pan-Asia-O	[835, 1140]
>EF552691/GBR/cattle/2001/Pan-Asia-O	[835, 1140]
>EF552690/GBR/cattle/2001/Pan-Asia-O	[835, 1140]
>EF552689/GBR/sheep/2001/Pan-Asia-O	[835, 1140]
>EF552688/GBR/sheep/2001/Pan-Asia-O	[835, 1140]
>AY593809/ARG/Unknown/Unknown/C	[835, 1140]
>AY593808/ARG/Unknown/Unknown/C	[835, 1140]
>AY593807/BRA/Unknown/Unknown/C	[835, 1140]
>AY593806/BRA/Unknown/Unknown/C	[835, 1140]
>AY593805/DEU/Unknown/Unknown/C	[835, 1140]
>AY593804/CHE/Unknown/Unknown/C	[835, 1140]
>AF189157/Unknown/Unknown/Unknown/Unknown	[835, 1140]
>APHA12CDR/Unknown/Unknown/Unknown/Unknown	[835, 1140]
>X00871/Unknown/Unknown/Unknown/Unknown	[835, 1140]
>AM503966/Unknown/Unknown/Unknown/Unknown	[835, 1140]
>AM503965/Unknown/Unknown/Unknown/Unknown	[835, 1140]
>AM409190/Unknown/Unknown/Unknown/C	[835, 1140]
>AJ007572/Unknown/Unknown/Unknown/Unknown	[835, 1140]
>AJ007347/Unknown/Unknown/Unknown/Unknown	[835, 1140]
