Product,Sequence,Gapped_Coordinates
p20a,ATGAATACAACTAATTGTTTTATCGCT---TTGGTATAC---CTTATCAGAGAGATTAAGACG---CTTTTCCGT---TCAAGAACTAAA------GGA---AAG,"[1, 105]"
p16,ATGGAA------TTCACACTGCATAACGGTGAA---AAGAAAACTTTCTACTCCAGGCCCAATAACCACGACAACTGCTGGTTGAACACCATCCTCCAGTTGTTCAGGTACGTCGATGAACCTTTCTTCGACTGGGTCTACAACTCGCCC---GAGAATCTTACGCTTGATGCT---ATCAAGCAGTTGGAAAACTTCACCGGGCTTGAGTTGCACGAG---GGCGGACCACCTGCCCTTGTGATCTGGAACATCAAACACTTGCTC---------------CAAACCGGTATCGGTACCGCCTCGCGACCCAGCGAGGTGTGTATGGTAGACGGCACGGACATGTGTCTTGCTGATTTCCACGCA------------GGCATTTTCATGAAAGGACAGGAACACGCAGTGTTCGCGTGTGTCACC------TCAGACGGGTGGTACGCGATTGACGACGAGGACTTTTACCCGTGGACGCCTGACCCATCGGACGTCTTGGTATTTGTCCCGTACGATCAAGAACCACTCAAT------GGGGACTGGAAAACACAGGTTCAG---------------------AAGAAGCTCAAGGGTGCTGGG,"[112, 717]"
VP4,CAG---TCC---AGCCCAGCAACCGGCTCGCAG---------------AACCAGTCTGGCAACACTGGCAGCATAATTAACAACTACTACATG---CAGCAATAC------CAGAACTCTATGAGCACACAG---------------------------------------------CTTGGTGACAATACCATCAGTGGAGGCTCCAACGAGGGCTCCACGGACACAACT---------------------------TCAACACACACAACCAACACC------------------------CAAAACAACGACTGGTTTTCAAAA---------CTTGCCAGTTCGGCTTTTACCGGTCTGTTCGGTGCACTTCTCGCC,"[718, 1098]"
VP2,GACAAGAAGACGGAAGAGACTACGCTTCTGGAAGACCGCATCCTCACTACCCGCAACGGGCACACCACTTCGACCACCCAGTCGAGTGTGGGAGTCACGTATGGGTACTCCACTGAGGAAGATCACGTTGCTGGGCCCAACACATCGGGCTTAGAGACGCGGGTGGTG---------------------CAGGCAGAGAGATTTTTCAAGAAGTTTCTGTTT---GACTGGACAACGGACAAACCTTTTGGATACTTGACAAAACTGGAGCTTCCCACCGATCACCAC---GGTGTCTTCGGGCACCTGGTGGACTCATATGCATATATGAGGAACGGCTGGGATGTTGAGGTATCTGCCGTCGGCAACCAGTTCAACGGCGGGTGCCTTCTGGTGGCCATGGTGCCAGAGTGGAAGGCATTTGACACACGTGAAAAATACCAGCTTACCCTTTTCCCACAC------------------------CAGTTTATTAGC------CCCAGAACTAACATGACTGCC------CACATCACGGTACCGTATCTTGGTGTGAACAGGTACGATCAGTACAAGAAACACAAACCTTGGACA---------CTGGTTGTCATGGTACTATCACCCCTCACGGTC---AGCAACACTGCCGCCCCACAAATCAAGGTCTACGCCAACATTGCCCCAACCTACGTTCACGTGGCTGGAGAGCTTCCCTCGAAAGAG,"[1099, 1827]"
VP3,GGGATTTTCCCAGTTGCATGCGCAGACGGTTACGGAGGACTG---GTGACAACAGAC---CCGAAAACAGCTGACCCTGTTTACGGTAAGGTGTATAAC---CCGCCCAAGACCAACTACCCCGGGCGCTTTACAAACCTATTGGACGTGGCCGAAGCATGTCCCACCTTTCTTCGTTTCGACGATGGGAAACCGTACGTCGTTACGCGGGCAGAC---GACACCCGTCTTTTGGCCAAGTTTGATGTCTCCCTTGCCGCAAAACACATGTCCAACACATACCTATCAGGGATTGCACAGTACTACACACAGTACTCTGGTACTATCAACCTGCACTTCATGTTCACAGGC---TCCACTGACTCAAAAGCCCGCTACATGGTGGCTTACATCCCGCCTGGG------GTGGAGACGCCGCCGGACACACCTGAAGAAGCTGCTCACTGCATTCACGCTGAGTGGGACACAGGACTGAACTCCAAATTCACCTTTTCAATCCCTTACGTGTCTGCCGCGGATTACGCGTATACCGCATCTGATACGGCAGAGACAACCAATGTACAGGGATGGGTCTGTGTT---TACCAAATTACACACGGGAAGGCTGAAAATGACACCTTGTTAGTGTCGGCTAGCGCCGGCAAAGACTTTGAGTTGCGCCTCCCAATTGACCCCCGGACACAA,"[1828, 2514]"
VP1,ACCACTACTACTGGGGAGTCCGCAGACCCTGTCACCACCACCGTGGAGAACTACGGCGGTGATACACAAGTCCAGAGACGTCACCACACGGACGTCGGCTTCATTATGGACCGATTTGTGAAGATAAAC---------AGC---------CTGAGC---CCCACACATGTCATTGACCTCATGCAAACCCACAAA------CACGGGATCGTGGGTGCGTTACTGCGTGCAGCCACGTAC------------------------------TACTTCTCCGAC------------------------------TTGGAGATTGTTGTGCGGCACGATGGTAAT---CTGACCTGGGTGCCCAACGGTGCCCCCGAGGCAGCCCTGTCAAACACCAGCAACCCCACTGCCTACAACAAGGCACCG------TTCACGAGACTTGCTCTCCCTTACACTGCGCCACACCGCGTGTTGGCAACTGTGTACGACGGGACAAACAAGTACTCC------------GCAAGCGATTCGAGATCA---GGCGACCTGGGGTCCATCGCGGCGCGAGTCGCGACACAA------------CTTCCTGCTTCCTTTAACTACGGTGCAATCCAGGCACAGGCCATC---CACGAGCTTCTCGTGCGCATGAAACGGGCCGAGCTCTACTGTCCCAGGCCA------CTTCTA---------GCAATAAAGGTGACTTCGCAAGACAGGTACAAGCAAAAGATTATTGCGCCCGCAAAACAGCTGTTG,"[2515, 3291]"
p52,AACTTTGACCTACTTAAGTTGGCG---GGTGACGTTGAGTCCAACCTTGGG------CCCTTCTTCTTCGCTGACGTTAGGTCAAACTTTTCGAAGCTGGTAGACACCATCAATCAGATGCAGGAGGACATGTCCACAAAACACGGACCCGACTTTAACCGGTTGGTGTCCGCTTTTGAGGAATTGGCCACTGGGGTTAAAGCTATCAGAACCGGTCTCGATGAGGCCAAACCCTGGTACAAGCTCATCAAGCTCCTAAGCCGTCTGTCGTGCATGGCCGCTGTGGCAGCACGGTCCAAGGACCCAGTCCTTGTGGCCATCATGCTGGCCGACACCGGTCTCGAGATTCTGGATAGTACTTTCGTCGTGAAGAAATCTTCCGACTCGCTCTCCAGTCTCTTTCACGTGCCGGCCCCCGCCTTCAGTTTCGGAGCTCCGGTTCTGTTGGCCGGGTTGGTCAAGGTCGCCTCGAGTTTCTTCCGGTCCACACCCGAAGACCTTGAGAGAGCAGAGAAACAGCTCAAAGCACGTGACATTAACGACATCTTCGCCATTCTCAAGAACGGCGAGTGGCTGGTCAAACTGATCCTTGCCATCCGCGACTGGATTAAGGCATGGATTGCCTCAGAAGAGAAGTTCGTCACCATGACG---------------GACTTGGTGCCTGGCATCCTCGAAAAGCAGCGGGACCTTAACGACCCGGGCAAGTACAAGGAAGCCAAGGAGTGGCTCGACAACGCGCGCCAGGCGTGTTTGAAGAGCGGGAACGTCCACATTGCCAACCTGTGCAAAGTGGTCGCCCCAGCACCCAGC---------------------------------------AAGTCGAGACCCGAACCTGTGGTCGTTTGCCTCCGTGGCAAGTCTGGCCAGGGTAAGAGTTTCCTTGCGAACGTGCTCGCACAAGCAATTTCCACCCACTTTACT------GGCAGAATCGACTCGGTTTGGTACTGCCCGCCT------GACCCTGAC------------CACTTCGACGGTTACAAC------------CAACAGACCGTCGTTGTGATG---GACGATTTGGGCCAGAACCCTGATGGCAAGGACTTCAAGTACTTTGCCCAAATGGTTTCGACTACGGGGTTCATC------------CCGCCCATGGCATCACTTGAGGACAAAGGTAAACCTTTCAACAGTAAGGTCATCATTGCGACCACCAACTTGTACTCGGGCTTTACCCCGAGAACTATGGTGTGCCCCGATGCACTGAACCGAAGGTTCCACTTTGACATCGACGTGAGCGCTAAGGACGGGTACAAAATTAACAACAAATTGGACATCATCAAAGCACTTGAAGAC---ACCCACACCAACCCAGTT---------------GCCATGTTCCAGTACGATTGTGCCCTTCTCAACGGCATGGCCGTTGAAATGAAGAGATTGCAACAAGATATGTTT------------------AAGCCTCAACCA------------------CCCCTCCAAAAC------------GTGTACCAACTCGTTCAGGAGGTGATTGAACGGGTCGAGCTCCATGAGAAAGTGTCGAGCCACCCAATTTTCAAGCAGATCTCGATTCCTTCCCAAAAGTCCGTGTTGTACTTCCTCATTGAGAAAGGCCAACACGAGGCAGCAATTGAA---TTCTTTGAG---------GGCATGGTACACGACTCCGTGAAGGAGGAGCTCCGGCCTCTCATCCAGCAA---ACCTCATTTGTGAAA---------CGCGCTTTCAAGCGCCTGAAGGAGAACTTTGAGATTGTCGCCCTATGTTTGACCCTTCTGGCTAACATAGTGATCATGATCCGCGAAACCCGCAAGAGGCAGAAGATGGTGGATGATGCGGTGAAC---------------GAGTACATCGAGAGG------GCAAACATCACCACGGACGACAAGACTCTTGACGAAGCGGAGAAGAACCCTCTGGAAACCAGCGGTGCCAGTACCGTTGGATTCAGAGAGAGAAGCCTCACAGGCCAAAAGGTGCGCGATGACGTGAGCTCCGAGCCCGCCCAGCCTGCTGAGGATCAACCACAAGCTGAA,"[3292, 5439]"
putative VPg1,GGA---------------------CCCTACTCCGGGCCACTCGAGCGTCAGAAACCTCTAAAAGTGAGAGCCAAGCTCCCACAGCAGGAG,"[5440, 5529]"
putative VPg2,GGACCCTACGCTGGCCCGATGGAGAGACAGAAACCGCTGAAAGTAAAAGTAAAAGCCCCGGTCGTTAAGGAA,"[5530, 5601]"
putative VPg3,GGACCTTACGAGGGACCGGTGAAGAAGCCTGTCGCTTTGAAAGTGAAAGCTAGG---AACTTGATTGTCACTGAG,"[5602, 5676]"
p20b,AGTGGTGCCCCACCGACCGACTTGCAGAAGATGGTCATGGGCAACACAAAG---CCTGTTGAGCTTAACCTCGACGGGAAGACAGTAGCCATCTGCTGTGCTACTGGAGTGTTCGGCACTGCTTACCTCGTGCCTCGTCACCTTTTCGCAGAGAAGTATGACAAGATTATGTTGGACGGCAGAGCCATGACAGACAGTGATTACAGAGTGTTTGAGTTCGAGATTAAAGTTAAAAGGACAGGACATGCTCTCAGACGCGGCACTCATTGGTTGCTTCACCGTGGGAACTGCGTGAGAGACATCACGAAACACTTTCGTGATACAGCAAGAATGAAGAAAGGCACCCCCGTCGTTGGTGTTGTCAACAACGCCGATGTTGGGAGACTGATTTTCTCTGGTGAGGCCCTTACCTACAAGGACATTGTAGTGTGCATGGATGGAGACACCATGCCCGGCCTCTTTGCCTACAAAGCCGCCACCAGGGCT------------GGCTACTGTGGAGGAGCCGTTCTTGCCAAGGACGGGGCTGACACATTCATCGTCGGCACTCACTCTGCAGGTGGCAAT---GGAGTTGGATACTGCTCATGCGTTTCCAGGTCCATGCTTCAAAAGATGAAGGCTCACGTCGACCCTGAACCGCACCACGAG,"[5677, 6336]"
p56a,GGGTTGATTGTTGATACCAGAGATGTGGAAGAGCGCGTCCACGTGATGCGCAAAACAAAGCTTGCACCCACCGTTGCATACGGCGTGTTCAACCCTGAGTTTGGGCCTGCCGCCTTGTCAAACAAGGACCCGCGCCTGAACGAGGGAGTTGTTCTCGACGACGTCATTTTCTCCAAA---CACAAAGGAGAC---------GCAAAGATGACCGAAGAGGACAAAGCGCTGTTCCGCCGCTGCGCCGCTGACTACGCGTCACGCCTGCACAGCGTGCTGGGTACGGCAAATGCCCCATTGAGCATCTACGAGGCAATCAAGGGCGTTGATGGACTCGACGCCATGGAGCCGGACACTGCACCTGGCCTCCCCTGG---GCCCTCCAGGGAAAACGCCGC---GGTGCGCTCATC---GACTTCGAGAACGGCACGGTCGGACCCGAAGTTGAGGCTGCCTTGAAGCTCATG---GAGAAAAGAGAA---TACAAGTTTGCTTGTCAGACCTTCCTGAAGGACGAGATT------------CGACCGATGGAGAAAGTACGCGCCGGCAAGACTCGCATCGTCGATGTTTTGCCTGTTGAACACATTCTTTACACCAAGATGATGATTGGCAGGTTCTGTGCACAAATGCACTCAAACAACGGACCACAAATTGGCTCTGCGGTCGGTTGCAACCCTGACGTTGATTGGCAAAGATTTGGCACACATTTCGCCCAATAC---------------AGAAAC---GTGTGGGATGTGGACTACTCGGCCTTTGATGCAAACCACTGCAGTGACGCTATGAACATCATGTTTGAGGAGGTGTTCCGCACAGACTTTGGCTTCCACCCAAATGCTGAGTGGATCCTGAAAACCCTCGTGAACACG---GAACACGCC---------------TATGAGAACAAG---CGCATCACTGTTGAAGGCGGGATGCCATCTGGTTGTTCCGCAACAAGCATCATT------------------------------------------------AACACAATTTTGAACAACATCTACGTGCTCTACGCTTTGCGTAGACACTATGAGGGA---GTTGAGCTGGACACTTACACCATGATCTCCTACGGAGACGACATCGTGGTGGCAAGTGATTACGATCTGGACTTTGAGGCTCTCAAGCCCCAC---TTCAAATCTCTTGGCCAAACCATCACTCCAGCTGAC---------------AAAAGCGACAAAGGTTTTGTTCTTGGTCAGTCCATTACCGATGTCACTTTCCTC---AAAAGACACTTCCACATGGATTATGGAACTGGGTTTTACAAACCTGTGATGGCCTCAAAGACCCTTGAGGCTATCCTCTCCTTTGCACGCCGTGGGACCATACAGGAGAAGTTGATCTCCGTGGCAGGACTCGCCGTCCACTCTGGACCAGACGAGTACCGGCGTCTCTTTGAGCCC---TTCCAGGGCCTCTTTGAGATCCCAAGCTAC------AGATCACTTTACCTGCGTTGGGTGAACGCCGTGTGCGGTGACGCA,"[6337, 7905]"
